nombre,apellido,direccion,correo_electronico
Ryan,Martinez,"9122 Johnston Ridge Suite 905
North Lisaberg, WI 08087",williamsonstephanie@example.net
William,Gonzales,"0803 Morgan Falls
Meyermouth, AZ 13195",eolsen@example.com
Amber,Smith,"5920 Arnold Streets Suite 752
Lopezberg, MI 71286",wgeorge@example.com
Michael,Franco,"9422 Glenda Lodge Apt. 691
North Johnview, DC 84094",mark71@example.com
Erin,Jenkins,"3149 Judith Way
West Craig, FM 92387",sullivanbrian@example.com
Jennifer,Carroll,"USNS Jones
FPO AE 46226",john02@example.com
Mark,Taylor,"03729 Samuel Via
Port Nathanielland, NV 70526",robert47@example.net
Edward,Black,"4409 Williams Fall
Cathytown, KS 91675",ljohnson@example.org
Abigail,Hopkins,"1106 Hughes Loaf
Burnsshire, UT 08203",annking@example.net
James,Parker,"22601 Rogers River
South Richard, ME 88880",brittany06@example.com
Oscar,Hayes,"15885 Barajas Falls
Larafurt, AK 04162",gmitchell@example.org
Rachel,Johnson,"285 Melissa Islands
Port Jeremiahchester, AK 86324",jose37@example.com
Leslie,Davis,"8642 Holt Burg Suite 929
Garciaberg, NY 81399",moorelawrence@example.org
Brian,Martinez,"963 Smith Hills Suite 517
South Anna, MA 07899",shawnsimmons@example.org
Tonya,Marsh,"0091 Webb Islands Suite 754
South Cindyview, FL 53936",adam28@example.com
Robert,Moses,"877 Vasquez Stravenue
Markberg, PR 74646",robert73@example.com
Alex,Thompson,"05591 Sandoval Run
Nathanport, MT 82211",timothy04@example.net
Amanda,Chavez,"79372 Thomas Crescent
Garyberg, MA 94641",jade15@example.com
Theresa,Barnett,"183 Marc Ridges Apt. 714
Danielfort, GA 44990",joelmahoney@example.com
Robert,Alexander,"8117 Boyer Garden Apt. 213
Caseyside, IN 11925",robert21@example.com
Morgan,Reeves,"13797 Ramirez Divide
South Mitchellside, AS 31001",obailey@example.org
James,Elliott,"788 Richard Causeway Apt. 801
South Johnmouth, PR 47643",owalker@example.com
Kellie,Allen,"914 John Crossing
Lake Sarah, MO 70980",alexissanders@example.net
Marvin,Butler,"00425 Jones Trafficway Apt. 180
Meyerstad, MT 91366",eatonamber@example.org
Scott,Owens,"Unit 7596 Box 7651
DPO AP 58355",curtisbarbara@example.org
Jared,Wright,"21028 Lyons Grove
South Stanleyside, MI 32660",preyes@example.net
Tami,Andrews,"5266 Mary Parks Suite 626
New Kayla, MN 46755",thomascassidy@example.net
Jennifer,Sanchez,"4821 Tran Plains
Nortonhaven, OR 44711",vjenkins@example.net
Linda,Rogers,"72526 Henson Lake Suite 254
Lloydview, MI 54947",dlee@example.net
Janet,Kennedy,"8074 Mark Pines Apt. 517
Brownberg, MI 14679",robertsabigail@example.net
Donald,Jacobs,"570 Nathan Forges
Port Victor, CO 54547",oconnordavid@example.com
Pamela,Hill,"43126 Nelson Junctions Apt. 156
Rodriguezside, WA 12287",jskinner@example.com
Amy,Freeman,"6300 Robertson Brook
Travisport, ND 43670",riosdana@example.org
Angela,Davis,"637 Reese Forks Suite 415
Joshuaburgh, NM 61738",cynthiadawson@example.net
Christina,Ortiz,"898 Andrew Glens
West Amyside, LA 82670",sramsey@example.net
Melissa,Torres,"88378 Lewis Course Suite 502
Nicoleside, AS 71235",billymills@example.net
Anna,Jackson,"234 Phillip Port Apt. 285
Reevesmouth, AS 14131",robert01@example.com
Christian,Carpenter,"359 Murphy Ferry
Port Leviberg, OK 42795",kaiserrobert@example.com
Sharon,Cox,"556 Jennifer Orchard
West Kimberlyside, OH 98899",richard73@example.net
Sydney,Murray,"40211 Christopher Parkway
Leeton, AR 32672",rmiller@example.org
Kelly,Valenzuela,"4073 Andrews Views
North Matthewbury, ID 51001",ashley91@example.net
Tammy,Fisher,"655 Brooke Rapid Suite 793
South Charles, MI 49273",tbaker@example.org
Elizabeth,Trevino,"63966 White Court Suite 382
Markstad, NE 30454",davidcase@example.com
Holly,Stewart,"1197 Michael Cove Apt. 077
Port Tylerstad, MO 55143",elizabethduncan@example.com
Doris,Rangel,"3141 Gregory Junctions
New Jose, NY 11626",campbellsharon@example.org
Grace,Johnson,"80202 Thomas Freeway Apt. 882
Williamview, DC 24573",michellegray@example.org
Wayne,Davis,"USCGC Hayden
FPO AP 79081",davidsonjordan@example.com
Robert,Doyle,"96107 Derrick Keys Apt. 374
Leeville, HI 91714",michael45@example.org
Emma,Smith,"411 Lowe Lights
East Connor, UT 94801",froach@example.net
Emily,Rodriguez,"70382 Green Camp Apt. 463
Lake Robert, VT 83269",mtucker@example.org
Jeanette,Rogers,"145 Kevin Pines
Aguilarmouth, WI 38075",wolflauren@example.org
Maria,Allen,"65514 Jane Summit Suite 193
East Debra, ME 39342",monicasandoval@example.com
Lisa,Myers,"737 Tanya Knoll Suite 935
Hendersonberg, NV 57450",browncarrie@example.net
Joseph,Knapp,"25667 Deleon Lakes
North Beckyville, NJ 66316",williamsonjesse@example.org
Allen,Barber,"USNV Rosario
FPO AE 26825",mark83@example.com
Renee,Shea,"498 Dennis Plaza
Camachoview, DE 52958",amoore@example.org
Jennifer,Martinez,"20805 Young Spring
Kimberlyfurt, WY 97807",garnerryan@example.org
Anthony,Hammond,"98800 Kyle Park Suite 005
New Rebecca, OR 77766",alyssa56@example.net
Christian,Brooks,"85548 Dean Ferry
Smithfort, HI 65590",jarednixon@example.com
Michael,Brown,"12183 David Vista
Dianabury, SC 06888",wmcneil@example.com
Nathan,Lane,"92232 Julie Spring
Carlychester, LA 37910",smithxavier@example.com
Jessica,Lambert,"60848 Jason Hills
Hollowayborough, IN 60924",smithsarah@example.com
Dominique,Price,"4829 Kenneth Freeway
New Brandy, AS 24697",jeremymoreno@example.com
Natalie,Franklin,"328 Brown Flats
Natalieside, AR 21707",james99@example.net
Mathew,Fleming,"4534 James Roads
North Whitney, NC 67810",fisherbradley@example.net
Ellen,Grimes,"1398 Hubbard Summit
East David, MP 91810",lewisnicholas@example.com
Kimberly,Shaw,"38310 Russell Plain Suite 053
East Catherine, AZ 37520",jacobdennis@example.net
Timothy,Sanchez,"609 Petty Road
Lake Nathantown, SD 84658",harrisjohnny@example.org
Rachel,Lucero,"0060 Russell Mill Apt. 651
North Seanmouth, FL 17986",james74@example.net
Toni,Franklin,"PSC 9709, Box 9502
APO AP 92725",javier77@example.org
Justin,Kelly,"USNV Lee
FPO AP 48198",kiara27@example.org
Andrew,Moore,"PSC 1760, Box 3826
APO AP 56695",vgallegos@example.org
Jeffrey,Garcia,"PSC 5998, Box 2435
APO AE 73658",whale@example.com
David,Garcia,"707 Terrell Mills
Martinezfort, ME 21235",hillrussell@example.org
Selena,Garcia,"962 Moore Port Suite 117
Rogersfurt, DE 45214",reidjason@example.com
Alison,Hunt,"7903 Johnson Island
Walshland, SC 99421",katherinechavez@example.org
Ashley,Brown,"09565 Jessica Fork
South Kennethfort, AL 51574",mccormickjamie@example.com
Joshua,Mckay,"33807 Isaiah Plain
Lake Carrie, MO 97608",hernandezkirk@example.org
Bonnie,Bailey,"3853 Gonzales Track
West William, DE 20848",greenechristopher@example.net
Joseph,Herring,"7757 Jonathan Rue Suite 457
Port Penny, ME 64726",omalone@example.com
Alicia,Sherman,"9968 King Mills Suite 973
Nathanview, KY 68963",wwheeler@example.com
Amy,Robinson,"1394 Dudley Brooks
Anthonyshire, PR 89082",duartejacqueline@example.net
Ethan,Williams,"40414 Thomas Harbor
North Jose, SC 37241",friedmanryan@example.net
Samantha,Mack,"058 Sosa Drive
Francohaven, SC 27377",kimberlysampson@example.net
Debra,Delgado,"14942 Kelly Harbor Suite 939
East Jessicastad, SD 84775",michelle07@example.org
Angela,Wheeler,"482 Beard Brook Apt. 754
Anthonyfort, KY 41815",myersashley@example.com
William,Brooks,"02155 Colleen Ridge Apt. 078
New Samanthaland, MD 30417",qwoodard@example.net
Stephanie,Atkinson,"5693 Peter Forges Apt. 682
New Amy, GU 30773",roberthardy@example.com
Shannon,Wright,"36035 Gonzalez Greens
South Christopherport, WI 55865",shelly67@example.net
Jennifer,Hobbs,"Unit 1696 Box 7268
DPO AP 03248",ortiztheresa@example.com
Kelly,Jacobs,"PSC 3745, Box 5519
APO AA 98401",marypayne@example.org
Christopher,Webster,"62123 Hancock Shore Suite 660
Denisebury, MN 92207",kaylaali@example.org
Alexander,Freeman,"4372 James Ramp
Lake Jackiebury, MI 21988",jason42@example.net
Derrick,Haney,"0878 Jennifer Court
Walkerberg, ID 24135",dawn29@example.net
James,Bates,"Unit 5989 Box 9842
DPO AE 05694",robertlopez@example.org
Michelle,Wilson,"852 Matthew Lakes Apt. 085
North William, AS 25830",tina11@example.org
Tina,Kelley,"54804 Bruce Camp
Warnerchester, WV 19273",denisegill@example.org
Joanna,Stanley,"5293 Whitney Underpass Suite 858
Wendystad, LA 70176",veronicahuerta@example.org
Beth,Mann,"078 Johnson Shoal
East Mary, OH 45563",jacksontimothy@example.com
Monica,Fisher,"623 Brown Brooks Apt. 766
East Jameschester, AL 39603",kylehines@example.com
Jason,Rosario,"0009 Travis Flat Suite 069
Shelleyborough, DE 21168",martinezjoshua@example.org
Ryan,Kelly,"5734 Bowman Village Suite 238
West Michael, CA 89346",cody21@example.net
Stephen,Baxter,"10825 Johnson Row Apt. 404
East Robert, AS 72208",jeffrey03@example.net
Jennifer,Taylor,"9098 Cynthia Alley
New Katieberg, OK 01135",chandleralyssa@example.com
Anthony,Leach,"89084 Sandra Knolls Suite 960
South Destiny, OH 83937",thomaslauren@example.org
Jonathan,Richardson,"445 Courtney Ports Apt. 035
East Derrickmouth, MN 59570",jasonfuller@example.com
Jared,Carter,"163 Virginia Corner Apt. 421
Davisburgh, VT 21406",jeffhutchinson@example.com
Robin,Hughes,"Unit 6788 Box 7166
DPO AA 53885",camposjoshua@example.org
Nicole,Salas,"7378 Whitehead Isle Suite 769
North Kathrynberg, KY 53372",ekhan@example.com
Jennifer,Wolfe,"72400 Donald Course
Lake Brandonshire, DE 96159",elizabeth76@example.com
Vanessa,Yang,"9424 John Bypass Apt. 196
Lake Garyside, OH 32494",joshuajones@example.org
Jane,Williams,"0558 Marcus Mount Suite 416
East Kirstentown, GA 06751",fmyers@example.net
James,Wade,"5661 Stephen Lake
Lake Scottside, MO 19965",ryanjohns@example.net
Ricardo,Ward,"82560 Peters Grove
West Brandonland, AL 21434",kristen16@example.org
Scott,Palmer,"181 Baker Forge
Lake Laurenmouth, MI 92849",christina25@example.org
Nicole,Mcguire,"730 Rogers Mountain Suite 738
Port Mitchellside, MA 87418",scottmorris@example.com
Jennifer,Armstrong,"8792 Stephens Squares
Port Stephaniebury, PR 55312",stephanie11@example.org
Jason,Bailey,"13588 Knox Fall Suite 750
South Michael, DC 34940",dmitchell@example.net
Colleen,Wolfe,"Unit 8071 Box 0237
DPO AP 82533",henrysims@example.net
Diane,Mccormick,"98750 Meyer Pike Apt. 655
South Elaine, KY 11942",reedjocelyn@example.org
Amanda,Cole,"05709 Billy Oval
Lake Daniel, HI 84556",robertbowers@example.org
Hannah,Cantu,"Unit 0133 Box 6055
DPO AE 83100",william97@example.net
Devin,Bailey,"86593 Hannah Mountain
Tiffanybury, OK 35465",vmurray@example.net
Lee,Lee,"6392 Jessica Course
Port John, PR 69597",jacobcoleman@example.org
Kristina,Rivera,"2175 Salas Forge
Lake Jamesville, TX 22592",lisa63@example.net
Nathan,Taylor,"3586 Meyer Views Suite 101
New Michael, IL 41669",zmoreno@example.net
Kari,Williams,"644 Gonzales Coves
New Kimberlyport, FM 79461",hcook@example.com
Brian,Sweeney,"32513 Darrell Divide
Martinezhaven, SC 38470",jamescummings@example.org
Cameron,Nash,"55486 Erin Lights
New Thomas, NH 00772",michael79@example.org
Michael,Quinn,"529 Lee Spur Suite 630
Smithfurt, MP 82578",diana95@example.com
James,Rodriguez,"USNV Pearson
FPO AE 41041",youngelizabeth@example.net
John,Jackson,"4040 Morgan Run
Lake Derrickshire, OK 51057",stonepamela@example.net
Theodore,Diaz,"61690 Stephanie Garden Apt. 653
Lake Molly, MI 85944",joseph19@example.com
Nicholas,Kramer,"428 Carter Ways Suite 034
Zimmermanchester, MH 77718",lisashelton@example.net
Cheryl,Young,"053 Tucker Field
Petersenside, VT 05338",crawfordmelinda@example.com
Ariel,Stephenson,"24444 Stephanie Harbor
Garyfurt, WV 21380",anna26@example.org
Annette,Wilson,"3240 Darryl Springs Apt. 320
Juanville, SD 86411",eric68@example.com
Anthony,Thompson,"54891 Maldonado Path
Williamstown, TN 39952",farrellcorey@example.net
Hannah,Cook,"44634 James Trafficway Suite 488
Lake Melissashire, CO 68953",polson@example.org
Jessica,Walsh,"8829 Frey Vista Apt. 957
Nicholsfort, KY 72963",whansen@example.net
Christopher,Potter,"812 Robbins Walks
Petersbury, DE 17066",cwilliams@example.org
Brady,Harris,"3460 Reyes Streets Apt. 299
New Dylanhaven, MA 87278",christopherharris@example.com
Kathy,Hodges,"37131 Holly Island
Port Richard, HI 44225",gbrown@example.org
Dustin,Warren,"7772 Sims Springs
Sharonville, CT 93939",fdavis@example.net
Lindsey,Perez,"590 Wilkerson Ferry
Port Angela, DC 18790",scottgray@example.org
John,Stone,"92071 Washington Land Suite 225
Whiteland, SD 73614",thomas38@example.net
Cynthia,Hoover,"801 Heather Shoals Suite 825
East Curtis, ID 93931",hlopez@example.net
Anthony,Miller,"91880 Hall Drives
North Mallory, MS 01078",allenchris@example.net
George,Patton,"17317 Carr Extensions
Cesarfurt, IN 76328",larryzuniga@example.net
Michael,Nunez,"6910 Daugherty River Apt. 340
Jamiefurt, GU 56453",bthompson@example.net
Chase,Lawrence,"07674 Rodgers Trail Apt. 549
West William, MO 49082",jbailey@example.com
Tracy,Walsh,"194 Richard Valleys
Scottton, MT 88346",sbenson@example.org
Elizabeth,Rivera,"74798 Latoya Spurs
Josephstad, TX 61689",stacyrussell@example.com
Matthew,Drake,"26184 Allison Trail
Port Christopher, CT 07441",changtamara@example.net
David,Smith,"85665 Mayer Via
Lake Brandon, ND 60728",scott11@example.org
Denise,Stevens,"17986 Andrew Ranch Apt. 258
South Anthonytown, VA 82728",leslie52@example.org
Melissa,Gonzalez,"5252 Theresa Tunnel Suite 309
Matthewborough, GU 49427",dustin75@example.net
Marilyn,Cervantes,"819 Ashley Inlet Suite 362
Mcbrideberg, OK 06395",whuynh@example.org
Zachary,Harris,"218 Christopher Course Suite 601
Curtismouth, VI 09949",aguirretyrone@example.com
Alexander,Rowland,"055 Jesse Springs Suite 219
Savageburgh, AZ 60167",poolechristopher@example.org
Jordan,Holland,"47705 Kelly Plaza Apt. 195
Patelside, MP 52625",wgarcia@example.net
James,Mason,"27156 Bush Trace Suite 545
Kimberlytown, NE 67043",nathansullivan@example.com
Michael,Wright,"966 Dominique Fort
Stephanieland, UT 89914",mitchellemily@example.org
Adam,Taylor,"44186 Morris Coves Suite 086
East Ashleyborough, PR 34890",stevensondavid@example.net
Tyler,Arellano,"9358 Vargas Mews
West Brianhaven, DE 46783",jason95@example.org
Patrick,Wilson,"7767 Gary Lakes Suite 528
East Robinhaven, RI 46965",williamsonrichard@example.org
Hannah,Wyatt,"8252 Jones Mountain
East Julietown, WA 06697",williamsjeremy@example.com
Matthew,Williams,"789 Linda Road Apt. 629
Natalieville, NE 30909",courtneygarza@example.org
Nicole,Whitehead,"0787 Jackson Trail
West Robertbury, DC 97676",watkinsdale@example.net
Julie,Anderson,"75681 Bird Path
Henrytown, CT 73663",richardortega@example.net
Michael,Phillips,"5658 Moore Lane Suite 815
West Tonyaside, GA 91060",scooper@example.com
Carolyn,Lucas,"484 Jensen Roads Apt. 519
Bruceberg, AL 36416",charles13@example.net
Shannon,Cunningham,"9854 Gabriel Dale
East Brittanymouth, NH 25521",joel93@example.com
Robert,Trujillo,"687 Delgado Roads Apt. 366
Christinaside, WV 50024",seth21@example.net
Robert,Sosa,"0401 Mike Motorway
South Robertofurt, AS 76711",annanguyen@example.org
Angela,Kelly,"89979 Solomon Causeway Apt. 688
South Lindsay, FM 56044",sara06@example.net
Alexandra,Sanford,"141 Isaac Mount Apt. 093
Lake Teresaview, LA 25444",bkelly@example.net
Megan,Gonzalez,"65199 Wright Station Apt. 041
Jefferytown, VI 76927",carlthompson@example.net
Nancy,Castillo,"731 Jacob Landing
North Johnside, PR 76443",jeremyhall@example.com
Patrick,Clayton,"040 Beth Drive Apt. 456
Port Christopher, MH 98420",waltersdavid@example.net
Timothy,Tate,"USCGC Winters
FPO AP 15338",ujohnston@example.com
Andre,Cruz,"4067 Marshall Crossroad Suite 959
Phamchester, SC 71190",gregory20@example.net
Paul,Allen,"USCGC Espinoza
FPO AA 14026",brianboyd@example.net
Julie,Quinn,"9772 Ortiz Prairie
East Stephanieside, ME 69976",kara39@example.org
Lisa,Blackburn,"USCGC Hernandez
FPO AA 46415",ruizdarren@example.org
Kristen,Bell,"3541 Gray Course Suite 320
North Ricardo, KS 84917",fdodson@example.org
Larry,Garcia,"7120 Hayes Stravenue
Lake Tina, CO 56533",whitejoseph@example.net
James,Olson,"Unit 5842 Box 2541
DPO AP 15394",greg98@example.net
Don,Vargas,"60035 Brown Springs Suite 119
Martinezmouth, PW 83622",michael64@example.com
Michael,Miller,"USNV Le
FPO AE 96858",abeasley@example.net
Jennifer,Taylor,"153 Connie Villages
New Christina, ID 08039",toddandersen@example.com
Anna,Robertson,"30208 Ronnie Villages
Kellymouth, IN 98946",obuckley@example.org
Tamara,Dixon,"801 Russell Roads Suite 829
West Corey, IA 02908",james80@example.net
Stephanie,Smith,"705 Hernandez Fort
Riversfurt, IL 70620",kellykim@example.org
Barbara,Mcdonald,"375 Ramos Pass Suite 946
Lake Emily, ME 73878",josephwatson@example.org
Nathan,Davenport,"430 Harris Stravenue
Christopherfort, AK 90071",ybeasley@example.com
Lisa,Hudson,"8152 Scott Turnpike Apt. 363
Gwendolynhaven, MI 49668",josephfranco@example.com
Lisa,Martin,"593 William Well Apt. 514
East Lawrence, MS 13192",sharon37@example.org
William,Rodriguez,"Unit 3964 Box 8743
DPO AE 21836",cthomas@example.org
Kimberly,Riggs,"7111 Gutierrez Spring
East Michaelton, DC 82581",michael43@example.org
Robert,Mcdonald,"745 Wayne Crescent
Cookburgh, CT 14441",andreagraham@example.com
Jason,Hayden,"49266 Lauren Run
Juanmouth, KS 97906",michael83@example.net
Zachary,Moreno,"812 Luke Branch Suite 202
East Michael, MH 29335",alex51@example.net
Andre,Dixon,"6456 Garrett Estate Suite 435
Sotoside, AR 54349",kward@example.com
Katrina,Ortiz,"01707 Roach Vista Suite 595
Ryanside, MA 94576",michaeltyler@example.net
Catherine,Gonzalez,"1016 Bill Curve Apt. 654
Katherinefurt, CT 21040",stephanie72@example.org
Michelle,Hart,"930 Christian Plains
Kington, OK 57693",william93@example.com
Alexa,Pearson,"47291 James Ports
Travisview, FM 31746",michael53@example.com
Margaret,Fernandez,"1111 Espinoza Ports
West Morgan, KY 83239",erogers@example.org
Cynthia,Barron,"PSC 2671, Box 9914
APO AE 83694",derek41@example.com
Scott,Watson,"3450 Rivera Stream Apt. 464
Raymondberg, PW 35775",michaelelliott@example.org
Cindy,Smith,"74495 Craig Stream Apt. 486
West Anthonyberg, AS 56176",jessica88@example.com
Jesus,Adams,"8229 Jackson Roads
Jenniferfort, PR 77216",kevans@example.com
Melanie,Jimenez,"629 Aaron Street Apt. 962
Matthewstad, ND 76953",sgibson@example.net
Adam,George,"32014 Spencer Row
Stacyhaven, NM 94209",promero@example.net
Bradley,Taylor,"USNV Anderson
FPO AE 17144",xwright@example.org
Anita,Smith,"078 Martinez Loaf
New Johnton, WV 75405",hwilliams@example.com
Mary,Henderson,"154 Webb Rapid
Rodriguezburgh, KS 11810",oali@example.net
Mary,Jackson,"6793 Thomas Ways Suite 201
Brentburgh, NH 63298",sean59@example.org
Vincent,Anderson,"48362 Rivers Causeway Suite 030
South Jeffreyside, RI 90211",tammy71@example.net
Bradley,Gray,"002 Sarah Underpass Apt. 898
Robertsonmouth, OK 54291",hcarney@example.org
Jonathon,Wright,"1851 Garner Pine Apt. 740
West Andrew, WY 91684",adam19@example.org
John,Clark,"1982 Clark Way Suite 789
Morrisontown, MI 09570",vswanson@example.com
Jonathan,Brandt,"86490 Joseph Fields Apt. 541
Edwardview, RI 17821",harrisonhaley@example.net
Veronica,Moss,"3402 Russell Crossroad Suite 132
Gonzalezview, DE 21589",lopezsean@example.org
Amanda,Walters,"838 Kristin Rapids Suite 812
Calebhaven, CO 09232",mark06@example.org
Tyler,Andrade,"890 Ayala View
Scottfort, MO 12347",nicoleweaver@example.org
Sara,Jackson,"85301 Velasquez Streets
Jameston, SD 59848",thomasamanda@example.net
Teresa,Hopkins,"141 Jones Valley Apt. 743
Lake Amber, MI 68319",pbrooks@example.net
Michael,Foster,"929 Kimberly Ford
North James, SC 75462",johnsonwilliam@example.net
Lisa,Cherry,"388 Phillips Locks Apt. 020
New William, KS 13558",austinsexton@example.net
Theresa,Miller,"47210 Melissa Village Suite 046
North Alexisbury, GA 96017",wendy54@example.com
Grace,Bentley,"5286 Richardson Points
Ashleyside, MA 08942",wwhite@example.net
Joseph,Young,"35544 Daniel Landing
Port Nicole, VT 05792",gpruitt@example.net
Andrew,Howell,"4954 Johnson Landing Suite 614
West Natalieshire, MA 63716",melissagarcia@example.com
Carrie,Moon,"4485 Archer Mountain Apt. 216
Josephton, IN 86544",riossarah@example.org
Ian,Young,"16337 Beck Mill Apt. 889
Perkinstown, KY 53139",ramirezjessica@example.net
Kelly,Smith,"0129 Erin Ridges
Grayborough, AL 54345",nathan78@example.com
Michael,Diaz,"27650 Paige Orchard Apt. 761
South Benjaminborough, OH 21312",ogarcia@example.net
Jonathan,Gonzales,"00769 Monica Underpass
Oliviaberg, MA 80868",williamsgarrett@example.com
David,Long,"0820 Hamilton Port
South Timothyfort, VT 83056",lbarber@example.net
Matthew,Larson,"USS Galvan
FPO AE 55989",michaelcollins@example.org
Bradley,Lambert,"2840 Cameron Extensions Apt. 299
Georgefurt, ME 70206",szavala@example.com
Christopher,Myers,"15078 Nelson Shoal Suite 623
East Cynthia, OR 77076",bryan06@example.net
Tina,Clark,"442 Anita Valley Suite 924
Hooperport, MA 69250",dana15@example.com
Cheryl,Harris,"Unit 5782 Box 0283
DPO AP 27239",nelsonjames@example.com
Michael,Chandler,"299 Robert Tunnel Apt. 784
South Bruce, NV 99279",tonya40@example.org
David,Willis,"08023 Melissa Circle
West Gary, VA 65516",ralphanderson@example.org
Wayne,Riggs,"4807 Sheila Valleys
Lake Kennethside, WA 49416",chapmanharry@example.com
Sarah,Thompson,"39225 Jones Viaduct
Bradleyfurt, NY 11047",cevans@example.net
Jennifer,Elliott,"71455 Gonzalez Road Suite 461
Kimberlyfort, WA 42006",wadecolin@example.net
Robert,Gonzales,"6617 Joseph Lodge
West Maria, AK 99554",tthornton@example.org
Haley,Glass,"2729 Clark Coves Apt. 488
New Benjamin, OR 10911",ynguyen@example.net
Emily,Ellison,"022 Monica Mountain Suite 183
Gonzalezshire, DC 15340",jeremylopez@example.org
Michelle,Riddle,"250 Raymond Cliff Suite 671
Phillipsville, DE 94387",rodney95@example.com
Sarah,Tate,"8822 Cynthia Mount Suite 167
Rothfort, ME 39456",kevin94@example.com
Bonnie,Walker,"56975 Stark Shore Suite 406
Michaelview, RI 89844",carrieharris@example.com
David,Garcia,"3913 Carol Junction Suite 304
East Loriville, SD 13939",willisbrendan@example.org
Sara,Walls,"3752 Lindsey Turnpike Suite 344
Port David, MD 05786",juanvillegas@example.com
Joseph,White,"9733 Smith Estates Suite 534
New Amyfurt, IA 94113",jackpollard@example.net
Phillip,Ellis,"4447 Ian Land
Oconnorshire, IN 96217",fpeters@example.net
Kathy,Burke,"86282 Hawkins Orchard
Scottborough, PA 63476",annoliver@example.org
Patrick,Martinez,"35325 Wendy View
Port Alexisland, CO 51816",patricia72@example.org
Ernest,Martinez,"752 Lisa Meadow Suite 253
Andrewport, ME 85410",ylarson@example.com
Victoria,Simpson,"43207 English Views
New Nicholas, NC 53529",kylemorgan@example.com
Holly,Hopkins,"6910 Sandoval Road
Boothtown, VA 84003",christopher88@example.net
Stephen,Murphy,"0006 Gomez Parks Apt. 503
Lindashire, CA 70772",jonathanlee@example.org
Krista,George,"46944 Mays Ways Suite 798
Staceyton, UT 93296",hector49@example.com
Crystal,Pena,"848 Charles Springs Apt. 199
Ryanton, NV 13513",gsmith@example.com
Joseph,Webb,"2858 Pennington Stream
Curtisberg, ND 07260",lyonseric@example.org
John,Lee,"6679 Rachel Courts Apt. 939
Harrisstad, ME 06886",grayjo@example.net
Ryan,Harris,"07930 Bailey Pike
Jacobmouth, IN 53999",sotokenneth@example.org
Stephanie,Reynolds,"10835 Krista Drive
Port Kristen, NE 09283",sandrasmith@example.net
Jennifer,Massey,"2637 Thompson Extensions Apt. 532
Patrickshire, WY 87888",eric57@example.org
Jeffrey,Jones,"76832 Russell Port
West Annachester, IA 37698",maryhammond@example.com
Patrick,Hall,"964 Trujillo Crest Suite 801
Scottport, OH 27312",emily96@example.com
Isaac,Morrison,"0961 Gray Cove
Lake Charlesfort, NE 00880",dustinscott@example.com
Steven,Parker,"6638 Tracey Spring Suite 956
Lake Jennifer, FM 32291",johnlopez@example.com
Trevor,Gross,"3325 Casey Road Suite 064
East Jessicahaven, VI 03335",dustin96@example.com
Stephen,Mack,"USCGC Garcia
FPO AA 61989",cheyennechristian@example.net
Terri,Russell,"41967 Meza Points Suite 802
Jarvismouth, MN 93374",harringtonsarah@example.net
Leah,Liu,"08727 Johnson Landing
West Linda, MT 56066",wrightbernard@example.org
Kayla,Watson,"101 Lee Islands Suite 616
Port Michaelfurt, NH 07621",allenamy@example.com
Carmen,Woods,"7812 Huffman Crossroad Apt. 818
Lake Theresa, IA 21472",danielmeza@example.net
Angelica,Smith,"42345 Rogers Loop
Christopherfurt, NC 29122",brendahudson@example.com
Sean,Cunningham,"62735 Allen Square Suite 110
Grantborough, AL 33305",jeremycurtis@example.org
Stanley,Bryant,"8592 Baxter Estate Apt. 793
South Mariechester, MD 38620",alex12@example.net
Joshua,Morrison,"65433 Baker Tunnel
East Jason, OK 29008",guerrerodennis@example.org
Anthony,Nelson,"0697 Peterson Forges Suite 357
South Jasmine, SD 79683",staceycox@example.com
Christopher,Leonard,"34341 Moore Lane
Parkertown, VI 56922",zpatrick@example.org
Evan,Hurley,"0675 Cross Ports
Port Michael, CA 89529",melaniebooth@example.org
Daniel,Gilbert,"36653 Dominguez Pass Suite 271
North Anthony, AR 36675",beardmeghan@example.net
Amanda,Larson,"4070 Lopez Branch
Quinnborough, SD 44810",phyllis45@example.com
Amanda,Chavez,"65063 Flores Valleys
West Derekchester, TX 55312",daniellopez@example.org
Richard,Sanchez,"3481 Michele Lights
Susanfurt, GU 05368",lspencer@example.com
Scott,Robinson,"8602 Edwards Course Suite 936
East Brad, GU 10551",vargasmichael@example.com
Tina,Kelly,"45348 Natasha Street
Lake Sabrina, MO 70161",sandrahall@example.org
Glenda,Hall,"6826 Lucas Camp
West Charlesstad, MN 57522",ernest82@example.com
William,Morris,"5488 Mack Trail
West Ronaldstad, CA 49918",timothydavis@example.com
Kathleen,Haynes,"3054 Sonya Skyway Apt. 452
Rebeccamouth, MD 04488",kyle35@example.net
Joe,Ortiz,"03573 Gary Well Apt. 266
Montoyachester, NE 30210",fergusonbrenda@example.net
James,Morgan,"67145 Mckenzie Land Suite 457
Cruztown, NY 81435",michaelsalazar@example.net
George,Young,"0751 Adams Ports Suite 276
Jessicabury, AZ 42780",burnsdaniel@example.com
Michael,Finley,"156 Elaine Lane
East Richard, VA 96533",andersonkendra@example.com
Kevin,Booth,"96435 Lara Meadow
West Stephenfurt, MN 92464",qrios@example.org
Cameron,Roy,"136 Elizabeth Isle
Holmestown, WA 55704",thomas82@example.net
Stephanie,Lane,"848 Anthony Views
Port Christopherfurt, TN 05142",jessicagarcia@example.com
Daniel,Wilkins,"5679 Brennan Glen
Fischermouth, FL 95739",diazandrea@example.org
Elizabeth,Jones,"6798 Clark Meadows
Collinschester, SD 75818",patrick70@example.com
Ryan,Jackson,"738 Shields Trail
Jonesfurt, FM 04579",glenn56@example.net
Caitlyn,Bell,"25476 Regina Ridge
Vazquezside, MO 57151",kimberly82@example.com
Joel,Elliott,"73221 Reeves Forge
Holmesmouth, MS 24978",thompsonisabel@example.org
Kevin,Johnson,"75464 Hahn Meadow Suite 080
New Aaronchester, UT 86946",martinezlinda@example.org
Frances,Sanchez,"1286 Donna Crest
East Daniel, IA 13663",ian73@example.com
Kristen,Dixon,"58160 Marie Ridge Apt. 296
Carrilloberg, VT 48956",barberjanet@example.com
Eric,Rice,"7829 Jerome Mountain
Nicholastown, GU 98685",kingmichelle@example.net
Sean,Richardson,"06983 Simmons Mission Suite 114
Markshire, OH 13165",dylan76@example.net
Shannon,Perry,"860 Frank Spring
West Jameshaven, MA 69016",david15@example.org
Malik,Harper,"842 Nicole Pines Suite 924
Emilyshire, MO 09547",mgrant@example.net
Sarah,Brown,"289 Stephens Orchard Apt. 588
Port Adam, VA 37361",brian89@example.org
Paul,Coffey,"023 Holland Coves
Coleville, PR 13128",pnelson@example.org
Albert,Herring,"432 Douglas Fork Suite 879
Donnaton, MD 89798",lancetrevino@example.net
James,Fitzpatrick,"4682 Michael Fords
Tammyside, MI 41536",kimandrew@example.net
Patrick,Johnson,"20626 Christy Road Apt. 633
Lake Diana, DC 52069",david81@example.com
Ann,Nixon,"476 Smith Terrace Suite 368
Smithborough, NJ 23575",jeffreyperez@example.com
Michael,Conrad,"47324 Choi Port Apt. 619
North Alicia, KS 50669",margaret51@example.com
Bianca,Quinn,"54762 Becker Freeway
Keithport, CT 10590",turnerlee@example.com
Gary,Roberts,"Unit 5634 Box 3339
DPO AE 03258",nelsonyvonne@example.com
Samantha,Bridges,"1331 Rice Loop
East Jasontown, MA 08347",randy46@example.net
Crystal,Sanchez,"881 Peter Pass
Chavezhaven, VI 62807",reedmike@example.org
Craig,Mcguire,"81580 Stephen River Apt. 507
Port Edwin, RI 12056",ashleyfernandez@example.com
Matthew,Smith,"5746 Diana Oval Suite 929
Lake Andrea, CA 42319",josephfox@example.org
Susan,Thompson,"343 Foster Island
Martinport, AR 15070",walkerlindsey@example.com
Carolyn,Garcia,"132 Burns Circle Apt. 712
Robertsfurt, MD 17285",carlasmith@example.net
Bradley,Alvarez,"457 Bird Overpass Suite 868
West Eileen, AZ 64321",ramoswillie@example.org
Donna,Ross,"23152 Greene Square Suite 488
East Mark, WA 88641",maureen45@example.net
Morgan,Smith,"3559 Cheryl Hills Suite 150
Dawnton, OK 48559",rebecca45@example.org
Jason,Rosales,"43414 Robert Extension
Wilkinsonfort, AS 83587",joshuasmith@example.org
Emily,White,"73531 Nancy Mall Suite 247
Lake Eduardochester, AZ 74661",kimberlysmith@example.org
Antonio,Nichols,"88596 Monique Trail Apt. 612
Katherineside, WA 14012",lancephelps@example.org
Jose,Vega,"710 Aguirre Stravenue
Briantown, HI 55346",dgarcia@example.com
Alexandra,Valdez,"14113 Zachary Loaf
South Elizabeth, VT 49852",wilsoncarolyn@example.net
Regina,Hickman,"5027 Vincent Place Suite 648
North Laurashire, VI 39146",kayla16@example.org
Tiffany,Gonzalez,"625 Robert Mission
Vanessafurt, MO 79471",moralesdiane@example.com
Charles,Tran,"Unit 0271 Box 9858
DPO AE 78938",kblackburn@example.net
Sarah,Sweeney,"1560 Gerald Manors
Brittanybury, IL 19784",schmidtstephen@example.com
Amber,Mann,"Unit 5744 Box 4128
DPO AE 74702",perrytina@example.com
James,Barnes,"01063 Tamara Springs
Ericaland, KS 94874",smueller@example.net
Gerald,Phillips,"61443 Roberts Plaza Apt. 887
Port Nancy, HI 21978",warnerdavid@example.org
Destiny,Gomez,"07403 Jeffrey Club Apt. 740
Port Matthewfort, NH 38747",staffordryan@example.com
Jasmine,Richardson,"986 Bell Haven
Mackberg, PW 66420",smithzachary@example.com
Samantha,Mendoza,"USNV Smith
FPO AA 79948",wongrobyn@example.net
William,Wilson,"64270 Jasmine Crescent Suite 255
North Keith, FL 10955",loriolson@example.net
Robert,Green,"913 Lindsey Squares Apt. 941
Ryantown, VA 78978",danielmitchell@example.com
Andrew,Lopez,"20478 Warren Motorway
Codystad, MP 12044",sabrinaelliott@example.net
Karl,Young,"3108 Berg Ports Apt. 426
East Michelle, NV 06986",lozanolauren@example.com
Brian,Gonzalez,"927 Lawson Meadow Apt. 253
Marymouth, SD 66484",angelacontreras@example.com
David,Gonzalez,"614 Fernando Inlet Suite 490
East Stevenview, SD 80060",xrogers@example.net
Joseph,Ferguson,"7252 Barbara Parkways Suite 340
Christinatown, MT 47359",meyerrobert@example.net
Judith,Avery,"911 Daniel Track
Richardfurt, TX 73504",andrewpayne@example.net
Matthew,Smith,"4323 Bender Mountain Apt. 703
Ryanborough, AZ 02354",donnapeterson@example.org
Franklin,Bernard,"00950 Hill Vista
North Susan, AR 40213",cynthia07@example.org
April,Carney,"PSC 1113, Box 4343
APO AP 14719",smann@example.org
Jaclyn,Jensen,"2246 Laura Burgs
South Johnathan, NM 19156",martinbrandon@example.org
Daniel,Mullins,"483 Brandi Village Apt. 357
West Crystalfort, FM 27626",yorkmichael@example.net
Anna,Smith,"7087 Brian Glens
Powersburgh, AK 37945",mullenpatricia@example.com
Timothy,Weber,"144 Mason Gateway Apt. 231
Terryview, PW 65407",jacobsdeanna@example.net
David,White,"887 John Stream
Kevinmouth, GU 40538",pacechristine@example.org
Kenneth,Cooper,"36180 Carrie Stream Apt. 170
South Rachelborough, MS 30643",bennettbryan@example.org
Karen,Barrett,"9003 Ellison Squares
West Toni, TX 89209",nmolina@example.net
Alicia,Miller,"704 Miller Orchard
Taylorshire, MS 61021",selenabrooks@example.net
Sarah,Lambert,"240 Nicole Cove Apt. 585
North Patriciafort, AR 63068",camposjessica@example.org
Adam,Barnes,"430 Braun Inlet Suite 624
Sandyborough, ID 41428",howardcheryl@example.net
Katie,Olson,"9097 Melton Plaza Apt. 650
Potterport, WI 36413",jessehall@example.com
Erica,Cabrera,"875 Jillian Heights Suite 722
Lopezhaven, FM 81490",alvarezjohn@example.com
Melissa,Wilson,"1978 Espinoza Pike
Jillton, VI 66511",rebecca80@example.org
Lorraine,Hawkins,"73842 Alyssa Mountain Suite 369
Jillshire, PR 02627",wpaul@example.com
Julie,Perez,"70996 Linda Cliff Suite 229
Lake Gloria, GU 07260",antoniocummings@example.net
Robert,Miller,"79822 Marisa Greens Suite 818
Port Davidfurt, ID 30694",bondjames@example.com
Evan,Lewis,"9418 Benitez Ford
Goodwinstad, AS 72677",johnsonkristi@example.net
Ernest,Adams,"USNS Williams
FPO AP 14313",mwarren@example.com
Kathryn,Burns,"510 Trevino Turnpike
South Joshuaberg, MP 39226",jamespatton@example.net
Adrian,Tanner,"6313 Stephanie Cliffs
Leestad, UT 93771",rodney14@example.org
Ryan,Martin,"530 Jennifer Squares
Emilyhaven, MA 12023",amyjones@example.net
Anthony,Fisher,"94754 Cummings Unions
Josephton, RI 23897",danielsmith@example.com
Stephen,Herring,"48681 Herman Forest Apt. 206
West Theresafurt, WV 77384",dianefrazier@example.net
David,Jackson,"0411 William Pike
Chaneystad, PW 35383",esnyder@example.net
Reginald,Rivera,"066 Anthony Gardens
Welchfurt, NE 03601",johnsontony@example.net
Lisa,Stokes,"73117 Ryan Stravenue Apt. 942
Jeffreystad, TN 53366",erin59@example.net
Alexandra,Crawford,"83121 Taylor Summit
West Timothy, MH 96972",campbelljessica@example.org
Gina,Cruz,"66668 Jason Lights Apt. 559
Robertchester, NY 63393",nolanchristian@example.org
Jim,Montoya,"USS Pacheco
FPO AP 55600",qsimmons@example.com
Christopher,Cooper,"30211 Ortega Canyon Suite 983
Thompsontown, OR 19353",ashley79@example.org
Karen,Hall,"776 Martinez Meadows
South Kimberly, TX 45253",jonathan42@example.net
Frank,Robinson,"9911 Jeremy Tunnel
New Kenneth, ID 93475",tiffanyweber@example.org
John,Lopez,"596 Amber Mountain Suite 348
Flowerston, PA 31997",katie34@example.org
Denise,Pham,"981 Myers Pike Suite 719
Johnsontown, VI 22578",pwilliams@example.com
Aaron,Tyler,"60645 Reeves Walk
North Anna, FM 46728",simonmichael@example.com
Malik,Smith,"5293 Waters Plains
South Gabriel, TN 34485",andreroberts@example.net
Michael,Chavez,"PSC 8074, Box 0728
APO AE 38444",znielsen@example.com
James,Warren,"4253 Jones Walks
South Sarahhaven, LA 05094",jenkinslori@example.org
Chloe,Cisneros,"44040 Little Trail
Carpenterside, FL 76587",matthew06@example.com
Jessica,Beck,"31445 Shelly Unions Apt. 932
West Alexisland, NH 98354",millerjustin@example.net
Jacob,Alexander,"325 Hernandez Locks Apt. 905
South Christopherstad, TX 53453",ortizashley@example.org
Wesley,Holt,"790 Wong Wall Apt. 976
East Debra, OK 38458",amanda31@example.org
William,Welch,"05922 Griffith Loop Suite 345
North Daniel, PA 79583",kayleewise@example.net
Sarah,Merritt,"3985 Morales Avenue Apt. 806
Colestad, NY 91819",fpierce@example.com
James,Brown,"897 Carpenter Shoal
East Ericfurt, WV 52287",scarson@example.com
Julia,Fowler,"USNS Moreno
FPO AA 89558",howardsamantha@example.org
Caitlin,Fitzpatrick,"412 Martin Wall
East Kathleenton, WY 66153",hernandezkevin@example.net
Denise,Brown,"USS Adams
FPO AP 82216",jason18@example.org
Michael,Castillo,"464 Cox Springs
Jamesburgh, MA 75447",michael82@example.net
Jennifer,Gonzalez,"Unit 8640 Box 0768
DPO AP 18856",amandacarroll@example.org
Lauren,Wilson,"5094 Baker Lights
Moranmouth, TN 24839",bennettsteve@example.com
Kathleen,Davis,"515 Byrd Canyon
South Christopher, MN 01267",josephlopez@example.org
Scott,Atkinson,"675 Sanders Light Apt. 205
Williamsport, CA 77252",samuel09@example.net
Emily,Wolfe,"681 Sara Prairie
Heatherland, AR 73998",earl67@example.net
Jason,Gomez,"975 Stuart Meadow
New Brandon, WY 37435",robertmcdowell@example.net
John,Smith,"09957 Stanley Ville Suite 866
West Johnathan, IL 33203",alexanderscott@example.org
Laura,Lopez,"92113 Robert Island
South Kristenberg, TX 66175",hardyaustin@example.org
Christopher,Parker,"64694 Summers Shoal Apt. 327
North Jenniferville, UT 85257",klee@example.org
Cindy,Lopez,"9611 Rojas Track
East Cindyton, MH 70485",walkerclaire@example.net
Jennifer,Watkins,"43858 Patrick Union
Lake Janice, GU 83571",kellis@example.net
Ashley,Sanders,"102 Schneider Squares
Bonniestad, AK 54674",fli@example.org
Emily,Gibson,"173 Eric Mountain Apt. 571
Brandtborough, MH 75910",warrenmichael@example.org
George,Martinez,"76370 Gary Fort
Port Bradleyton, NM 69373",dpeters@example.com
Leslie,Pittman,"PSC 9937, Box 8057
APO AA 32989",oevans@example.net
Mitchell,Lloyd,"7921 Long Trace
Campbellbury, ME 93271",kenneth67@example.org
Taylor,Payne,"4289 Krause Wall
West Michael, NM 90857",christina11@example.com
Monica,Davis,"Unit 7278 Box 4291
DPO AE 80284",along@example.net
Michael,Hendricks,"PSC 3771, Box 2109
APO AA 59328",oford@example.org
Lori,Simpson,"48581 Mathews Corners
Cordovafurt, CA 43874",mosessandra@example.net
Ashley,Williams,"565 Eric Manors Suite 177
North Davidtown, AR 00506",kschmitt@example.net
Catherine,Dalton,"18744 Johnathan Dale
New Raymond, OR 14436",amywalker@example.com
Kenneth,Hernandez,"5968 William Throughway
Millerhaven, MH 01152",james37@example.com
Taylor,Knox,"382 Carter Mill
Sarahmouth, IA 66623",powersandrew@example.net
Elizabeth,Mack,"65661 Barbara Flat
Brennanstad, ND 48781",grahamjacob@example.net
Christopher,Gomez,"9788 Laura Stravenue
East Jasonport, TN 97578",chapmanjasmine@example.org
Shane,Hale,"968 Brandon Mountain
South Ryanchester, OK 27401",markhines@example.net
Katie,Martinez,"Unit 5061 Box 7729
DPO AP 65755",brendablake@example.com
David,Ball,"8964 Foster Path
West Mollyborough, UT 57532",joshua38@example.com
Mark,Johnson,"900 Melissa Well
Martinezton, ND 77702",walkerwalter@example.com
Patricia,Beasley,"93228 Brooke Plain
East Desireeview, MS 77442",clarkana@example.net
Jennifer,Murphy,"580 Schneider Islands
Lake Christina, PW 52119",emiller@example.net
Nicholas,Browning,"46004 Hopkins Centers Apt. 512
Hollandview, PW 77937",nhenry@example.net
Heather,Bradshaw,"11669 Kimberly Heights Suite 180
South Margarethaven, IA 89130",richardsmakayla@example.com
Christine,Cooper,"21992 Colleen Corners
Coleside, MH 52233",carolynsalas@example.com
Jonathan,Cain,"905 Herrera Fort Apt. 428
South Timothy, MA 01837",lmoore@example.net
John,Harvey,"245 Patel Highway Suite 377
Chaseton, WY 68294",anthonywright@example.org
Mark,Murillo,"217 Michael Lock Apt. 679
New Calvinburgh, WV 69802",susanjensen@example.net
Melissa,Scott,"672 Robert Plains
Lake Madison, DC 74480",edwardjuarez@example.net
James,Thornton,"337 Joshua Light
New Robertborough, PR 16125",brittneywashington@example.org
Christine,Gamble,"USNV Smith
FPO AE 61492",ogonzalez@example.net
Lisa,Vargas,"6454 Clark Harbors Apt. 041
Johntown, NE 42628",odonnellcrystal@example.net
Brandon,Luna,"22670 Derek Underpass
North Evan, NV 05003",anthony70@example.com
Lisa,Holmes,"2003 Sandra Springs
West Ashley, DE 42021",pjones@example.com
Benjamin,Brown,"295 Pope Brooks Apt. 480
Pattersonview, NY 25501",stewartrobin@example.com
Arthur,Young,"1841 Martha Lake
Claytonshire, DE 04299",robertyork@example.org
Dan,Yoder,"608 Andrea Plaza
Rodriguezton, PA 33086",lucasalbert@example.com
Laura,Scott,"PSC 6274, Box 0993
APO AE 83721",laurenmontes@example.net
Joshua,Alvarez,"049 Devin Heights
New Jennifershire, PR 14240",robertbarnes@example.com
Margaret,Moreno,"4569 Thompson Rest
West Isaiahborough, RI 70745",josephwilliamson@example.net
Angela,Goodman,"USS Morris
FPO AE 77634",walkeraaron@example.com
Zachary,Vargas,"717 Rosales Flat Suite 609
Port Christopher, MD 72073",jonesgeorge@example.com
Carolyn,Rice,"68482 Ramos Flat
Johnport, SC 90702",mckinneyshawn@example.com
Denise,Harrell,"5822 Meyer Drives
Deannamouth, UT 11781",carnold@example.net
David,Jones,"PSC 1648, Box 0881
APO AA 80869",kwagner@example.net
Christopher,Barker,"967 Lee Corners Suite 337
New Tonya, NM 14856",pglover@example.org
Colleen,Fritz,"0761 Erik Point
Port Melanieberg, MT 03070",uhoffman@example.net
Alexis,Andrade,"742 Mclean Meadow
East Desireeborough, NC 13638",fgill@example.net
Tammy,Powell,"5149 Teresa Track Apt. 156
Mccarthymouth, DE 32598",vsimpson@example.com
Breanna,Moore,"33553 Anthony Squares
Guerraville, VI 29015",qsanchez@example.org
Elizabeth,Simpson,"830 Johnson Mills Apt. 594
Andrewton, KY 27661",justinwalker@example.org
Richard,Arnold,"PSC 1388, Box 3059
APO AP 35599",sspence@example.net
Michael,Perez,"2086 Banks Circle
Katelynberg, MO 30210",chavezjoseph@example.org
Suzanne,Mendez,"68375 Gonzalez Hill
South Tinaport, NY 89470",william36@example.net
Keith,Lopez,"018 Christine Manors Suite 096
Vaughnstad, MS 68210",hallcourtney@example.org
Jeffrey,Ruiz,"0930 Jillian Gateway
Perezland, NY 18208",kennethtate@example.net
Thomas,Nicholson,"64116 Green Terrace Suite 067
Johnton, CO 99256",davidbuchanan@example.org
Jeffery,Barnes,"Unit 8682 Box 4616
DPO AE 30503",lawrencechristina@example.com
Jennifer,Hoover,"PSC 3558, Box 7586
APO AA 93336",lindamoore@example.net
Rebekah,Scott,"9833 Anderson Tunnel
Wangland, NH 19773",jenkinscarl@example.org
Christopher,Ford,"58667 David Square Apt. 546
Allisonport, RI 35309",sherri97@example.net
Amanda,Koch,"922 Amber Trail Apt. 618
Alexanderhaven, PR 76197",uthomas@example.org
Jason,Cunningham,"42351 Nicole View Suite 476
Andreaburgh, SC 45073",jenseneric@example.org
Tiffany,Wilson,"3636 Hebert Lodge Apt. 098
North Nicholasfurt, KS 19984",peterrose@example.com
Eric,Montoya,"199 Lopez Harbors
Lake Alexander, MP 95029",whitejoyce@example.org
Andrew,Brown,"6675 Robert Fields Suite 176
Port Nicholashaven, GA 71310",wwilliams@example.net
David,Barton,"60360 Harper Neck
South Raymond, MS 90385",christophersmith@example.com
Beverly,Alexander,"0347 Johnston Island
Phillipmouth, ID 74842",natalie88@example.com
William,Campbell,"8486 Glen Port Suite 752
Port Rebecca, WA 74708",kleinantonio@example.net
Heather,Edwards,"4842 Charlene Rapid Apt. 243
Timothyport, NJ 43108",chughes@example.org
Victoria,Nguyen,"350 Sanchez Pass Suite 185
Lake Robertland, LA 29108",jonesmichelle@example.net
Dana,Jensen,"74158 Brooks Stravenue Apt. 925
Greenfort, WI 58629",briannadaniels@example.org
Angela,Rowe,"254 Erica Station Apt. 318
Meganchester, CO 13740",debramiles@example.com
Lauren,Logan,"056 Nguyen Port
West Michael, PW 11877",christylewis@example.org
Susan,Morales,"270 Garcia Union Apt. 783
Pattonborough, AZ 41386",larrylynch@example.com
Samantha,Henson,"1049 Anthony Overpass Apt. 272
Joannetown, VI 52053",lisagomez@example.com
John,Dixon,"48532 Nguyen Crossing
North Karen, WY 10570",tyler53@example.com
Nathan,Carter,"831 Edward Circle Apt. 198
Wilsonhaven, MH 07756",michaellarsen@example.com
Patricia,Soto,"54144 Gardner Courts Apt. 172
Jacquelineland, FM 19226",kperez@example.org
Brandon,Archer,"0357 Jessica Row
Flynnfort, KS 11783",ywilliams@example.net
Stephanie,Mcgrath,"36571 Brandi Street Suite 414
Sarahfort, FL 38209",brianwhite@example.com
Angelica,Maldonado,"USCGC Delgado
FPO AE 69795",aguirreamanda@example.net
Gary,Harris,"5762 Lopez Club Suite 173
West Zachary, TN 98513",megan50@example.org
Leslie,Parker,"81346 Smith Islands
West Alexanderfort, CO 58182",wilcoxlinda@example.net
Zachary,Ingram,"5730 John Burg
Whiteheadshire, VI 12400",dpowell@example.com
Kevin,White,"04890 Angela Course
Yvonnetown, PA 09263",megandelacruz@example.com
David,Butler,"37005 Andrew Loop
West Stephanie, UT 55716",derrickwilliamson@example.net
Joseph,Nguyen,"40134 Kelly Harbors
Jacksonstad, AS 14664",psandoval@example.net
Cody,Sloan,"340 Jonathan Cliff Apt. 876
Salinaschester, RI 05773",nicolegiles@example.net
Kyle,Ayers,"Unit 7386 Box 1160
DPO AA 96134",johnsonlaura@example.net
Becky,Evans,"3103 Wayne Shoals
Fleminghaven, RI 11792",garciajennifer@example.com
Benjamin,Rivera,"PSC 6452, Box 3845
APO AE 93054",ashley07@example.org
Jennifer,Knight,"6109 Powers Plains Apt. 759
Mclaughlinmouth, IL 77536",rtorres@example.com
Samantha,Patrick,"328 Amber Green
Jamesview, KS 83523",huntdiane@example.net
Christopher,Schroeder,"48812 Jonathan Roads
East Rebecca, WV 23066",andrew25@example.com
Aaron,Evans,"088 Patricia Drive Apt. 085
Devinmouth, HI 75015",wnichols@example.com
Amber,Hansen,"19847 Brianna Crescent
Port Ashley, RI 37387",rebecca78@example.org
Steven,Walker,"241 Christie Run
Valdezstad, AZ 61715",teresa42@example.org
Melanie,Lucero,"404 Conway Common
Lopezfurt, DE 95802",bakermatthew@example.net
Karla,Perkins,"4025 Laura Stream
Herrerashire, IN 61680",treynolds@example.org
Craig,Morris,"PSC 4818, Box 5311
APO AP 45025",collinsjohn@example.org
Valerie,Garcia,"8759 Karen Lodge Suite 855
South Cole, MH 37883",eugeneewing@example.org
Justin,Chang,"25215 Joshua Pass
Jennifertown, PR 78011",lcox@example.net
Michael,Perez,"PSC 0213, Box 8380
APO AA 64720",ugarza@example.org
Denise,Malone,"PSC 3997, Box 0994
APO AE 10948",johnsondenise@example.org
Kevin,Anderson,"8819 Erica Extension Suite 514
Lake Kevin, TX 99481",gregory23@example.net
Austin,Wheeler,"05036 Edward Mews Suite 734
Watsonburgh, OR 49809",kaitlynmartinez@example.com
Michael,Parks,"2424 David Villages Suite 821
East Tanya, IL 66536",ricky22@example.org
Melissa,Sweeney,"289 Page Street Suite 985
Brooksshire, OR 22391",dgonzalez@example.net
Amanda,Sandoval,"6484 Jones Isle Apt. 636
Port Nancychester, DC 30769",mreynolds@example.com
Anna,Kirby,"22518 Andrews Junction
Richardhaven, WV 31688",margaretcox@example.org
Olivia,Porter,"1650 Lin Lane Suite 266
Katieshire, OK 10588",dawnrodriguez@example.net
Chase,Gray,"1465 Velez Forge Suite 005
New Tylerfurt, NV 70876",rachelbaird@example.org
Susan,Mejia,"5768 Parrish Gardens Apt. 858
Lake Karlmouth, MI 45783",brookserika@example.org
Kevin,Green,"Unit 9419 Box 7154
DPO AP 72031",christopherjackson@example.com
Michael,Duran,"94279 Michael Club Suite 807
Staceyville, WV 49832",martinezbarbara@example.org
Fernando,Anthony,"52605 Tanya Mountain
North Carriemouth, UT 73855",nicholas86@example.com
Alexandra,Patterson,"077 Wood Crescent Suite 413
Alexanderburgh, MS 69593",rarmstrong@example.com
Crystal,Vincent,"795 Wagner Village
Lake Saraburgh, AL 25058",franklinkaren@example.com
Debbie,White,"691 Norma Lodge
Erinview, KY 73430",benjaminfarley@example.org
Kevin,Davis,"23841 Flores Bridge Suite 416
Haleytown, PR 10255",ghudson@example.com
James,King,"USNV Cruz
FPO AE 35834",michael17@example.org
Ellen,Riley,"4374 Kari Landing
Port Danielville, NV 88141",thompsonmelissa@example.com
Wayne,Sanchez,"743 Sharon Street
Shanestad, WA 31490",lewisjohn@example.org
Jacqueline,Clark,"3380 Smith Wells
Jacobsbury, MD 43492",valerie52@example.org
Sara,Roach,"USNV Barrett
FPO AA 80526",simpsonjoshua@example.net
Michelle,Avila,"288 Allen Lakes Suite 940
Port Jessicamouth, NH 27899",emily39@example.net
Susan,Bernard,"USNS Clay
FPO AE 44111",richard88@example.com
Joshua,Miller,"15658 Angelica Harbors Apt. 342
South Kayla, FM 33897",snowtimothy@example.org
Jason,Hughes,"2999 Heather Plaza
Coreytown, HI 90323",walkerkelly@example.org
Susan,Hill,"40609 Raymond Park
East Kim, VA 97287",craigyoung@example.com
Miranda,Mendez,"257 Pitts Islands Apt. 179
Marcusbury, SC 12616",david92@example.net
Catherine,Scott,"PSC 8274, Box 4000
APO AA 48272",graycharles@example.org
Curtis,Copeland,"19364 Mitchell Springs
West Joshua, IL 09589",aaronhunt@example.com
Krystal,Rivera,"PSC 9335, Box 1965
APO AE 44070",wpeterson@example.org
Amber,Smith,"72005 Smith Knolls
Maryberg, SC 11329",hamiltondavid@example.org
Brian,Gray,"USS Parker
FPO AE 39558",shill@example.net
Robert,Roach,"USNV Mullins
FPO AA 46508",larrylee@example.net
Dale,Luna,"0834 Liu Springs
Curtisburgh, NY 96861",hernandezchristopher@example.org
Jonathan,Morrison,"3191 Deborah Union Suite 887
Lake Martin, MH 38275",melissa94@example.org
Megan,Allison,"8463 Rachel Mills Apt. 324
Hoffmanchester, MO 18285",patrick61@example.net
Travis,Martin,"87789 Miller Way
Kristineburgh, AK 47514",umarshall@example.com
Megan,Lester,"2127 Robinson Route
Port Nicholas, HI 01170",whitejacob@example.net
Jennifer,Harrell,"74770 Graham Course Apt. 698
Port Rachel, MH 89127",leonard47@example.net
Penny,Townsend,"7037 Tyler Lakes
Pagetown, DE 84177",thompsondanielle@example.com
Keith,Morrison,"USS Allen
FPO AE 42373",mackenzie81@example.com
Jennifer,Salazar,"497 Samuel Dam Apt. 543
Andersonstad, CT 28812",edward26@example.org
George,Avery,"9660 Hayden Roads Apt. 459
Youngton, VT 55048",jessica00@example.net
Daniel,Monroe,"750 Reilly Ramp
Garciachester, UT 94075",karenwoods@example.org
Bruce,Dickson,"31612 Jennifer Islands Suite 126
South Elizabethview, AZ 49344",kbest@example.net
Joshua,Williams,"94723 Caleb Gardens Apt. 570
Garciamouth, MP 94728",tiffany03@example.org
Deanna,Chavez,"3713 Angela Spurs
Williamton, DE 70650",martinezrobert@example.com
Jennifer,Shields,"Unit 1142 Box 4820
DPO AP 93670",tfarley@example.org
Kristen,Pitts,"38482 Meghan Freeway
Port Ryantown, VT 37805",florestimothy@example.com
Joel,Mullins,"5709 Clarence Vista
Anthonyberg, TX 37909",stephaniearcher@example.net
Elizabeth,Maxwell,"6136 Willis Lights Apt. 976
Heatherberg, OH 44527",idrake@example.com
Michelle,Bruce,"12601 Jason Greens
East Katiefort, IL 43181",carterjason@example.com
Michelle,Hull,"8865 Rebecca Summit Apt. 312
Port Kathleen, CA 91852",piercekimberly@example.com
Heather,Mcneil,"1094 Nancy Points Suite 277
New Andrewburgh, AZ 86506",dan48@example.com
Renee,Booker,"8494 Kathleen Wall
Nathanville, PR 98420",jillmathews@example.net
Mike,Randall,"USCGC Parker
FPO AE 65114",james94@example.org
Curtis,Woods,"48735 Lewis Cliffs Suite 524
New Lindabury, UT 02295",josemejia@example.org
Joseph,Sanchez,"76284 Frederick Path Suite 028
South Christopherburgh, IN 72060",pshaffer@example.com
Chris,Rodriguez,"70323 Stafford Alley Apt. 502
South Curtis, WY 62475",christinemedina@example.org
Dakota,Lewis,"11082 Taylor Run Suite 377
North Michaelmouth, SC 61754",tamara45@example.org
Daisy,Thornton,"50309 Debra Landing Suite 223
West Laurenbury, VA 56609",franksellers@example.com
Dan,Chandler,"8574 Christopher Shoal
New Anthonymouth, LA 79310",tony60@example.com
Sara,Adams,"88601 Rodriguez Centers Suite 671
New Mariafort, SC 03294",williampittman@example.com
Martin,Olson,"PSC 2514, Box 9927
APO AE 09968",zboyle@example.org
Nicole,Brooks,"280 William Summit Apt. 786
Bakerton, ME 28659",drobertson@example.net
Donna,Phillips,"576 Silva Points Suite 919
North Crystalport, PA 61830",garciastacy@example.net
Natasha,Knight,"537 Ryan Fords Apt. 025
East Dianaton, TX 54686",stevengreen@example.org
Amanda,Ward,"42993 Elliott View Suite 346
Antonioton, NE 84526",seanwalsh@example.org
Sherry,Shelton,"28743 Allen Way Apt. 236
Lake Kellystad, VA 58886",kimberly54@example.org
Andrew,Mills,"66241 Mary Ferry Apt. 758
Averystad, AL 04704",vwood@example.net
Alexander,Adkins,"24862 Avila Crescent
West Brittany, CT 22923",gwalls@example.net
Jacob,Reynolds,"843 Gibson Drive Apt. 123
Washingtonside, NH 07744",lisa19@example.com
Carol,Huffman,"43036 Jeremy Light
Michaelberg, DC 85964",hstafford@example.com
Patricia,Robinson,"481 Scott Spring
Walkertown, AR 20701",gpetty@example.net
Crystal,Guzman,"1987 Campos Pine Suite 353
Port Daniel, PW 89103",michealjimenez@example.org
Victor,Elliott,"USS Smith
FPO AA 28336",martin00@example.net
Daniel,Anderson,"816 Fitzgerald Passage
Michelleside, DC 29754",heather27@example.net
Melissa,Mckay,"4369 Garza Canyon Apt. 314
Timothyshire, AL 59370",ccooke@example.net
Matthew,Peters,"6628 Stephanie Ports
South Amandastad, LA 86383",chloebrown@example.net
Juan,Lamb,"29599 Michael Ports Apt. 617
Jennaside, NV 93988",bridgeszachary@example.org
Timothy,Morales,"21582 Daniel Circles Apt. 838
Crawfordside, PW 10794",matthewsellers@example.org
Jerry,Perkins,"48098 Ball Crest
Port Alisonfort, WA 20103",williamperez@example.com
Jonathan,Rios,"8066 Whitney Locks
West Amberport, MA 34593",thomasbradley@example.org
Tonya,Price,"Unit 8728 Box 6756
DPO AA 91483",nburnett@example.com
Michelle,White,"7089 Melissa Hills
Port Nicole, MN 90526",nicolasduran@example.com
James,Miller,"USNS Ponce
FPO AA 02751",kevinsanders@example.net
Anthony,Thompson,"2253 Steven Hollow Apt. 453
Port Bethany, VA 80157",jacobwhite@example.com
Christopher,Brooks,"USNV Brewer
FPO AP 31988",chadcunningham@example.net
Anna,White,"901 Watson Orchard Apt. 663
Lake Jamesshire, MN 53040",hillscott@example.com
Ashley,Deleon,"USCGC Rodriguez
FPO AE 45221",millerjohn@example.net
Kyle,Warner,"27377 Mendoza Fort
Lake Dillon, NC 16754",audreyvaughan@example.net
Cody,King,"236 Ashley Cove Apt. 377
West Tiffanystad, VA 81860",brownstephanie@example.com
Damon,Long,"69576 Atkins Crest
Veronicafort, MO 32125",desiree49@example.com
Rachel,Benton,"7521 Romero Streets Apt. 998
Pageside, NJ 30004",johnsontony@example.org
Alex,Duran,"1018 Kenneth Dam
West Kimberly, DC 48289",jarvisdana@example.org
Alan,Andrews,"064 Shaffer Ramp Apt. 069
South Jenniferbury, NC 28045",peggyharrington@example.com
Tiffany,Brock,"3676 Joseph Grove Apt. 051
East Miketown, AZ 16974",aolsen@example.net
Lauren,Summers,"3854 Jasmine Stravenue Apt. 007
West Ann, IN 69201",jaredshort@example.com
David,Butler,"2602 Jennifer Road
Amandaville, MI 00872",marshallmichelle@example.org
Nicole,Wood,"559 Steven Path
Bowmanmouth, TX 50412",donna52@example.net
Renee,Zamora,"699 Ryan Trail
Jessicaborough, TX 79778",danielle98@example.net
Dennis,Avery,"515 Kelly Cove
Kariton, AR 25558",justinli@example.net
Douglas,Kennedy,"1751 Richards Oval
Andrewview, TX 74503",jbautista@example.com
Roger,Camacho,"22464 Peters Ridges
Kendrastad, KY 93974",farmermelissa@example.net
Jared,Stokes,"54919 Carrillo Divide
Lake Damon, HI 45477",lori81@example.com
Marvin,Crawford,"2155 Elizabeth Springs
Rickyview, AS 63232",crystalglass@example.net
Christina,Jackson,"2642 Donald Via
Christopherland, LA 23407",hoffmanjennifer@example.com
Jacob,Steele,"Unit 2710 Box 1465
DPO AA 04243",douglashahn@example.org
Thomas,Ramirez,"6683 Cassie Pine
Port Erintown, PA 01258",johnnydavidson@example.net
Sarah,Huffman,"8973 Landry Union Apt. 476
Ramosshire, HI 72510",onealcynthia@example.net
Brian,Salinas,"39776 Mack Springs Suite 833
Kyleburgh, IL 21813",plee@example.com
Meredith,Hernandez,"735 Debra Ridge Suite 917
Bankston, KY 86398",nixoneric@example.org
Jeremiah,Chavez,"758 Mendoza Meadows
Wesleymouth, MO 98981",dbass@example.org
Jonathan,Patrick,"USS Gomez
FPO AE 66185",xhernandez@example.com
Richard,Thomas,"USNV Miller
FPO AP 09585",jacksonruth@example.org
Ashley,Ortiz,"740 Jones Viaduct Suite 302
Kimberlystad, FM 53593",ajohnson@example.org
Matthew,Baker,"05642 Horton Square
Phillipsberg, AS 30022",hperkins@example.com
April,Rice,"464 Perry Highway
Rubenland, KY 53246",christina40@example.net
Tina,Gregory,"7020 Moon Fork
Joshuaside, MI 95211",dnorton@example.net
Emily,Crane,"52832 Brenda Junctions
Josephchester, NC 26632",okirby@example.net
Clifford,Krause,"2450 David River Suite 732
Georgeton, LA 71434",jonesrobin@example.com
Michelle,Flores,"9852 Sarah Drive
Allisonport, NH 58862",ryanfrank@example.org
Jorge,Reid,"7419 Singleton Pass
West Nicholas, MP 57876",jennifer53@example.com
Evelyn,Clark,"30654 Warren Fork Suite 959
Lake Kimberly, VI 20505",paul62@example.org
Joyce,Reynolds,"654 Gonzalez Rapids Suite 021
West Jennifer, ND 42645",njackson@example.com
Allison,Scott,"455 Lane Well Apt. 009
Shahhaven, AR 64759",edwardsgarrett@example.net
George,Hall,"76771 Brittany Locks
Darrellton, MP 98981",abigailsoto@example.org
William,Shaw,"PSC 7263, Box 5065
APO AP 81299",qgomez@example.net
William,Rodgers,"464 Vanessa Isle Apt. 581
Daviesview, PA 73828",priceamy@example.net
Walter,Rodriguez,"8159 Madison Loop
Ericksonton, VT 10663",idickerson@example.org
Juan,White,"20425 Tara Trail
Lopezberg, MD 82369",luke12@example.org
David,Murray,"2172 Cruz Fork Apt. 822
Port Victorport, TN 69162",garnerjennifer@example.net
Charles,Calhoun,"603 David Station
Samueltown, CA 67772",tmitchell@example.com
Jamie,West,"3206 Christopher Passage Apt. 550
Jamesmouth, DC 93132",jonesdaniel@example.org
Robert,Hill,"869 Drake Throughway
South Amberberg, CT 31760",erica64@example.com
Leslie,Bright,"69681 Cynthia Shoals Suite 510
West Brett, AK 53009",ebentley@example.org
Jesse,Clayton,"PSC 5154, Box 6957
APO AA 05019",anna72@example.net
Jeffrey,Sullivan,"52165 Steven Plains Apt. 556
Lake Jason, RI 23073",jmartinez@example.com
Kelly,Jones,"67621 Young Row
New Angie, CA 46390",keith58@example.net
Nicole,Johnson,"422 Elizabeth Circles Apt. 766
Lake James, IA 50630",nweiss@example.org
Antonio,Mccarthy,"692 Lowe Ford Suite 548
Frederickborough, CO 30699",owensdeborah@example.net
Angela,Cervantes,"2774 James Ferry
South Nicholas, MO 65336",fergusonbrian@example.com
Aaron,Smith,"240 Vasquez Lake
Lake Ashley, IN 19596",davidwinters@example.org
Mikayla,Nunez,"516 Austin Bridge Apt. 298
Michaelview, KS 18424",david87@example.net
Victoria,Reed,"06922 Carlos Canyon
South Lisahaven, ID 32254",zfoster@example.org
Matthew,Smith,"305 Jay Pike
Stephenborough, UT 64518",eperkins@example.net
Mark,Burnett,"309 Gonzales Spring
Lake Susan, CT 31444",currymiguel@example.com
Julia,Adams,"26794 Jackson Drive
Port Dianafurt, TX 67630",ochoajulie@example.net
Samantha,Walton,"91098 Vasquez Grove Suite 436
Allenfurt, NV 16486",andrew16@example.org
Kelly,Cobb,"642 Karen Port
Juliaberg, MO 41233",sandra01@example.org
Margaret,Hanna,"032 Tammy Station Apt. 734
Lake Dawnton, RI 71384",wnoble@example.com
Monica,Castaneda,"879 Keith Flat Suite 443
North Ashleyfort, VI 76042",jesusshaw@example.net
Aaron,Perez,"16043 Robin Throughway
Brownside, VA 74115",ebates@example.net
Daniel,Todd,"791 Brock Causeway Apt. 899
Kevinside, DE 89489",danielwatkins@example.net
Renee,Johnson,"82241 Foster Islands Suite 114
Meganchester, VI 74138",jacksonjennifer@example.net
Perry,Mcmahon,"992 Daniel Ville
Port Wesleyland, PW 52463",dgarcia@example.com
George,Rodriguez,"35515 Dwayne Ridge Apt. 418
Port Jacob, ME 63376",mblevins@example.com
John,Banks,"725 Oneill Expressway
Pachecoside, VA 87259",jessicamcdowell@example.net
Thomas,Li,"941 Martinez Fall Apt. 710
Lake Jackiebury, IA 68599",nphillips@example.org
Mallory,Mccormick,"508 David Vista
New Troy, VI 07783",donnawest@example.com
Susan,Williams,"390 Lewis Extension
South Candace, DE 30799",jjohnson@example.org
David,Fields,"61847 Ruben Estate
Lake Melissaland, IN 20172",dlee@example.com
Dean,Wilson,"171 Turner Rest Apt. 158
Jeffreyhaven, WY 14045",hbaker@example.com
Sara,Jones,"208 Patrick Alley
New Veronica, HI 60708",brittany65@example.org
David,Smith,"01606 Patterson Dale Suite 581
Lake Juliaborough, AL 16307",walkeranthony@example.org
Elizabeth,Jacobs,"4608 Elliott Coves Suite 585
South Georgemouth, DE 84058",fgonzales@example.org
Ryan,Phillips,"4973 Walton Villages
Brownland, PR 46740",earl72@example.org
Patricia,Powell,"19223 Ochoa Highway
Hillburgh, IN 23584",shawn80@example.org
Jose,Hernandez,"41108 Melanie Causeway
North Brendashire, PA 39953",nrodriguez@example.net
Michael,Mason,"584 Gregory Well
Timothychester, PA 16740",gabriel27@example.com
Wendy,Padilla,"20500 Michael Station Apt. 511
North Natashaburgh, PR 11630",youngmartin@example.net
Emily,Pacheco,"89226 Glenn Station Suite 856
Lake Carlaton, FM 87531",orobinson@example.net
Brandon,Watkins,"8015 Miller Isle Suite 099
Kendrafurt, WV 55939",wendycook@example.net
Lynn,Levine,"441 Wendy Burg Suite 875
Burnsbury, GA 26254",scottharris@example.net
Jessica,Mason,"Unit 2002 Box 3720
DPO AA 38882",choward@example.net
David,Davis,"02848 Nancy Well Apt. 760
New Cynthiaville, VI 93679",heathersummers@example.net
Keith,Ewing,"2797 Santana Trafficway Suite 588
Nunezhaven, MT 05791",hsharp@example.net
Lauren,Carter,"6098 Robinson Hollow Suite 164
West Dale, WA 24380",ihanson@example.org
Justin,Martinez,"Unit 0752 Box 9268
DPO AP 37695",jacobrobbins@example.org
Larry,Hood,"47779 Farley Way Apt. 156
Jessicaville, MA 77367",robertyoung@example.net
Douglas,Henderson,"27580 Fernandez Squares Suite 159
Joneshaven, UT 25928",oscaredwards@example.com
John,Morris,"7080 Ortega Summit
Donaldville, AZ 33353",xrandall@example.net
Mark,Stark,"747 Kevin Parks
Lake Vernon, GA 72410",soconnell@example.org
Michael,Taylor,"7292 Lee Mills Apt. 464
Port Ruth, AL 85448",lrobinson@example.com
Destiny,Sheppard,"5765 Rios Green Suite 461
Lake Michael, NV 03754",masonclaire@example.net
Justin,Gordon,"658 Heather Ville Suite 215
Lake Alfred, CT 07741",michaeleaton@example.net
Andrew,Hayes,"Unit 1741 Box 2593
DPO AE 33288",tylerjohnson@example.net
Michele,Freeman,"843 Zimmerman Burgs Suite 747
West Donnabury, OR 90005",emma77@example.org
Tracy,Green,"USNV Vega
FPO AA 92581",anthonysnyder@example.com
Kathy,Quinn,"691 Mathews Springs
Watkinsfurt, AL 82219",xhutchinson@example.com
Timothy,Salazar,"979 Vaughan Isle Suite 997
West Rogermouth, UT 70627",hensleyelizabeth@example.net
Todd,Williamson,"52962 Gordon Parkways Suite 284
Lake Jennifer, DE 75728",michelle18@example.net
Don,Owens,"9382 Nicole Prairie Apt. 561
South Juan, MH 25731",vdougherty@example.com
Joseph,Gonzalez,"6805 Mata Inlet Suite 777
Port Timmouth, HI 24073",dwilliams@example.com
David,Eaton,"9042 Rosales Trail Suite 648
Dianehaven, TN 11091",juliewilson@example.net
Lori,Hall,"431 Ashley Dam Apt. 555
South Stephaniemouth, PW 49740",michelle50@example.net
Stephanie,Jones,"4257 Wong Mountain
Melindafurt, KY 92396",jonesandrew@example.org
Nicholas,House,"6294 Mason Garden Apt. 260
Grahambury, CO 88405",dgonzales@example.com
Jacob,Reed,"89173 Melissa Mountains
New Amberburgh, CT 66210",amyweaver@example.com
Frederick,Williams,"2025 Jones Walk Suite 268
South Emily, MP 40567",brenda70@example.net
John,Ramirez,"1927 Randall Mews Apt. 033
North Chloechester, WI 76016",toddgarcia@example.org
Anthony,Sanchez,"USNV Murillo
FPO AA 90536",mariagonzalez@example.com
George,Williams,"339 Martin Orchard Apt. 247
Careyburgh, OK 31754",davidsullivan@example.org
David,Taylor,"5219 Jones Mission Suite 053
Moorehaven, TN 77791",andrewsmichelle@example.org
Austin,Taylor,"6173 Ellison Skyway Suite 420
Port Leroyview, WA 81036",vward@example.org
Colleen,Ray,"1962 Padilla Manor
East Jonathan, AR 46004",amoody@example.com
Sue,Booth,"46400 Danielle Plaza Suite 883
Scotttown, CA 39480",nelsonjohn@example.com
Emily,West,"3789 Mark Grove Apt. 554
Jamiemouth, MA 05770",stephaniewilliams@example.com
Nathan,Smith,"92045 Goodwin Rapids Apt. 586
New Heatherbury, MD 79111",nguyeneric@example.org
Brian,Alexander,"34134 Faulkner Springs Suite 456
North Deborahberg, MA 74560",walterskathryn@example.org
Victor,Bennett,"0635 Roberto Cliffs
East Codyton, ME 95376",tonygill@example.com
Jessica,Clark,"898 Timothy Park Apt. 089
Shieldsville, NY 36857",paulgilbert@example.org
Jessica,Martin,"753 Cunningham Spurs Apt. 498
North Sheila, ME 14687",gthompson@example.com
Andrew,French,"17777 Smith Stream
South Adamside, ME 78611",greenjoseph@example.com
Elijah,English,"505 Garcia Points
Lake Stephaniemouth, WI 96688",johnsonpaul@example.net
Dylan,Rios,"215 Solomon Harbor Apt. 064
Stokesborough, AR 82964",richardsimmons@example.com
Karl,Allison,"15897 Angela Route Suite 800
Johnberg, AZ 61870",megan73@example.com
Joshua,Martin,"570 Sawyer Knolls
Petermouth, MS 50171",christopherjenkins@example.net
Jason,Hall,"6499 Acosta Square
South Ashleyton, IL 07692",maldonadolisa@example.com
Amy,Waters,"250 Lance Meadows Apt. 237
Kellyfurt, GA 44727",yhansen@example.net
Benjamin,Taylor,"18806 Grant Plain Apt. 903
Mendezchester, SC 65577",calvinmiles@example.org
Joshua,Brooks,"145 Tyrone Summit
West Brent, NH 19546",kevinchavez@example.com
Kristen,Glenn,"620 Patrick Hill
South Sophiashire, NV 85195",zhahn@example.net
Eric,Smith,"Unit 1156 Box 2618
DPO AA 78208",alyssagibbs@example.net
Katherine,Molina,"27596 Fowler Bypass Apt. 623
Dianashire, PW 47913",wardlori@example.com
Vicki,Levy,"1280 Evans Ranch Apt. 437
Heatherborough, NY 12236",sanderscindy@example.net
Joseph,Walls,"92733 Harrell Landing Suite 954
Port Richard, ND 96615",bradley12@example.org
Melanie,Robinson,"627 Lisa Lock
North Keith, TN 57195",elizabethtyler@example.org
Mary,Johnson,"1570 Fuentes Park Apt. 046
Collinsberg, WY 43475",ricevanessa@example.org
Jenny,Gray,"651 Olson Haven
Stephenfort, KY 57052",nharris@example.net
Patricia,Brock,"2356 Morris Corner
Georgeberg, IN 54901",wwilliams@example.org
Jennifer,Robertson,"Unit 8627 Box 1336
DPO AP 65320",amy24@example.net
Patrick,Hansen,"1682 Russell Field
Gibbston, GU 23005",megan40@example.org
Brooke,Lloyd,"2753 Lawrence Glen Apt. 152
Ericahaven, NM 43358",jlucas@example.net
Janice,Holden,"69444 Richard Corners Apt. 418
Bensonchester, WY 88162",nthompson@example.org
Jacqueline,Gray,"59695 Nathaniel Burg
South Nicoleland, PW 28940",smithdrew@example.com
James,Meza,"058 Jordan Trace Suite 058
Port David, PW 09433",aviladustin@example.org
Brittney,Short,"USCGC West
FPO AP 32175",hbrown@example.com
Tyler,Pittman,"USS Tate
FPO AE 59884",vkim@example.com
Angela,Houston,"2515 Mendez Springs Suite 455
Masonstad, TX 71300",wesleyschultz@example.com
Shelly,Whitehead,"83732 Brown Landing Apt. 853
East Timothy, DE 11136",sheena20@example.net
Whitney,Berger,"3418 Daniel Harbor Suite 527
South Jamesport, WA 04606",vlopez@example.com
William,Dennis,"264 George Expressway
South Lindsay, OH 64112",caseyhansen@example.com
Darren,Allen,"88875 Jennifer Expressway
Frazierhaven, NE 30455",mario66@example.com
Robert,Richardson,"31646 Corey Port Apt. 071
Heatherberg, NH 29369",jenniferhicks@example.net
Amanda,Chung,"589 Nelson Square
New Christopherside, ME 18915",herrerakristin@example.net
John,Ramirez,"Unit 8329 Box 4012
DPO AE 41487",ucoleman@example.org
Lisa,Rodgers,"663 Ryan Parks
Lake Ann, FL 86107",jefferyharvey@example.org
Matthew,Harrison,"268 Earl Landing Suite 429
Williamview, OK 87933",angeladoyle@example.com
Mark,Jenkins,"7388 Ramirez Drives Apt. 940
East Sherry, VI 99571",kjones@example.com
Ryan,Fox,"53408 Melissa Corner
Marilynland, MD 59648",mlawrence@example.org
Karen,Contreras,"36047 Valerie Springs
Sarahshire, AS 04644",amoore@example.org
Danielle,Mckinney,"9588 Silva Hills
New Sheilaview, AS 56661",allison66@example.org
Jonathon,Murillo,"2469 Alexandra Ramp
New Micheleville, NC 18413",vhoward@example.org
Ana,Mendez,"81032 Sharon Trail Apt. 757
Beckerhaven, FM 41177",mwest@example.com
Raymond,Roberts,"596 Jeffrey Stravenue Suite 446
East Matthew, OH 14443",courtneycross@example.org
Todd,Johnson,"7184 Christopher Trace
New Manuelstad, GU 70533",jordanallison@example.org
Bruce,Miller,"96434 Deborah Neck Apt. 180
North Michael, ID 30194",edavidson@example.net
Annette,Bryant,"USNV Campbell
FPO AE 16987",uramirez@example.com
Matthew,Butler,"676 Duran Extensions
Lake Lisabury, WV 80072",jessica14@example.com
Catherine,Campos,"36932 Young Knoll Suite 150
East Todd, FL 70496",kcruz@example.com
Angela,Peterson,"467 Yang Well Apt. 772
Caitlinmouth, DE 59287",joshuataylor@example.org
Michael,Wilson,"5699 Christopher Green Suite 534
South Autumnside, IA 11834",donna87@example.net
Scott,Richards,"383 Steven Extension
New Philipchester, HI 66461",micheleshannon@example.com
Marco,Reid,"58736 Robinson Hill
Johnstad, CA 69520",howardrodney@example.net
Katherine,Ruiz,"4444 Stevens Knoll
Lake Catherineville, LA 88994",marywhite@example.com
Andrea,Ramos,"5345 Steven Meadow
West Stephanie, IN 57782",prowe@example.org
Mallory,Bernard,"435 Justin Corner
Sheilabury, TX 51197",kellytownsend@example.com
David,Rivera,"3234 Gross Plains
Davidport, IA 01076",angela32@example.com
Megan,Watson,"00606 Wilson Summit
West Johnton, IN 59030",twest@example.com
Jose,Kelly,"Unit 8367 Box 9212
DPO AE 89057",qmarquez@example.net
Desiree,Miller,"USS Mays
FPO AA 37505",bdillon@example.org
Angela,Kim,"621 Patricia Centers
Ruizport, VA 91835",valenzuelamichael@example.com
Charles,Ramirez,"25557 Cantrell Drive Apt. 100
Brandontown, IN 01822",angela38@example.net
Steven,Jackson,"5519 Kent Road
New Charles, KS 83249",hhuynh@example.org
Molly,Mckay,"USS Miller
FPO AP 75863",andreacoleman@example.org
Nicholas,Walsh,"8563 Brown Locks Suite 918
Veronicabury, SC 53025",diazsamantha@example.com
Emily,Peterson,"9519 Fisher Drive Apt. 523
South Seanville, VI 63633",melody60@example.org
John,Norman,"27296 Campbell Parks
South Valerie, ME 42671",eric39@example.org
Barbara,Brock,"1738 Larry Burg Suite 186
Tuckerview, LA 32404",pchoi@example.net
Ashley,Richardson,"81278 Emma Locks Apt. 107
Timothyburgh, MA 65797",bsmall@example.org
Kimberly,Crosby,"Unit 1902 Box 0155
DPO AA 19214",larry85@example.com
Justin,Cohen,"5283 Mckee Harbors Apt. 241
East Zacharyfort, MT 45957",lisajackson@example.net
Amanda,Atkinson,"92006 Katelyn Overpass
Lauraport, HI 16919",emma26@example.org
Tonya,Myers,"Unit 3214 Box 8920
DPO AE 97271",laneashley@example.org
Shelby,Mendoza,"35349 John Place
Smithbury, GU 01397",pmedina@example.net
Rhonda,Nichols,"348 Elaine Lakes Suite 592
East Shannonmouth, CA 18789",juan19@example.net
Jillian,King,"PSC 6677, Box 7820
APO AA 23580",msullivan@example.com
Donald,Johnson,"463 Samantha Expressway
West Sarahbury, MD 17563",lford@example.net
Thomas,Golden,"USCGC Bell
FPO AP 09397",pnguyen@example.org
Katherine,Boone,"USS Grimes
FPO AA 94253",sydney75@example.org
Katherine,Smith,"7902 April Centers
East Samantha, VI 63615",zmarks@example.org
Eric,Manning,"PSC 3572, Box 5541
APO AP 86463",qwilliams@example.com
Patricia,Henderson,"4411 Cory Courts Suite 232
East Johnny, NC 80225",vancejill@example.net
Jonathan,Hernandez,"301 Bell Garden Apt. 721
Lake Robertland, NH 94216",dennis92@example.com
Sherry,Vazquez,"2233 Jennifer Lodge Apt. 004
Dianeborough, IL 84930",jasonwatson@example.org
James,Hernandez,"490 Powers Village
Mcculloughchester, RI 35497",charles93@example.com
Sherry,Morgan,"65755 Thomas Mountain
Port Kimberly, AS 68607",scott89@example.org
Sabrina,Rodgers,"7351 Mary Rapid
West William, WI 18659",williamsrichard@example.com
Stephanie,Davis,"328 Mata Walk
Lawrenceland, ID 43950",michaelfischer@example.org
Arthur,Mercado,"7649 Mosley Run Apt. 750
Port Zacharyport, MD 28874",john35@example.org
Ronald,Miller,"866 Heather Trace Suite 598
Lisamouth, HI 84910",dawsonjacob@example.net
Matthew,Smith,"USNV Dean
FPO AA 31590",andrew20@example.net
Dennis,Colon,"212 Beth Wall
West Jacksonport, WI 49276",kirbyjoseph@example.com
Emily,Bradford,"89862 Lee Plaza
West Dan, KS 23872",melvin73@example.com
Gina,Taylor,"PSC 8927, Box 0764
APO AP 66877",allenchris@example.com
Victoria,Lopez,"1581 David Station Suite 049
Smithville, MH 92604",johnsonerin@example.org
Dennis,Durham,"975 Hall Brook
Sharimouth, MA 28300",ericcarlson@example.net
Margaret,Moses,"91632 Curtis Ports
West Edward, VT 26517",younglisa@example.com
Ryan,Pineda,"136 Joshua Spring
East Manuelberg, VI 94338",obrienrebecca@example.net
Jennifer,Brown,"393 Wright Wall Suite 136
Erinton, MI 79066",newtonjenny@example.org
Carol,Schwartz,"3353 Melinda Center
Deniseburgh, HI 77429",gdavis@example.com
Jeremy,Perez,"118 Wesley Glen
Lake Billy, FL 80983",leahwebb@example.net
Mitchell,Garcia,"939 John Forks
Alvaradohaven, MS 71724",cynthiahenry@example.com
Kyle,Hale,"148 Nielsen Fork Suite 101
New Jeffreyborough, PW 88958",oliverjoseph@example.com
Colleen,Lopez,"845 Wheeler Isle
North Manuel, TN 33713",wlee@example.org
Trevor,Morrison,"56320 Valenzuela Keys
New Jamie, MI 33138",donna86@example.com
Sarah,Morales,"56550 Alison Grove
Port Jamiemouth, RI 68141",esmith@example.com
Victor,Frazier,"31552 Ward Inlet Suite 447
New Royville, HI 26602",alexrivera@example.com
Matthew,Medina,"3974 Brooks Motorway
Collinshaven, ID 20261",christina71@example.net
Andrea,Powell,"1090 Harrington Track Apt. 966
Joshuaview, MD 74001",kristy98@example.net
Shane,Ramos,"891 Pope Haven Apt. 635
Lake Amandamouth, DE 37344",sandovalkaren@example.org
Shane,Lewis,"893 Ricardo Rest Apt. 589
Torresport, MS 38102",jenniferbrown@example.com
Deborah,Martin,"50840 Martinez Corner
Jasonville, AZ 22299",robert82@example.com
Natalie,Guerra,"59531 Browning Squares
Lemouth, MO 56320",joseph83@example.net
Andrea,Gonzalez,"3820 Henderson Loaf
Scottchester, WI 44989",kelly77@example.net
Kelly,Farrell,"1142 Berry Port
East Aaron, LA 21365",samanthalopez@example.com
Matthew,Williams,"193 Kelsey Canyon Apt. 293
South Danielton, WA 07391",stephentaylor@example.net
Blake,Benson,"1821 Kathy Lodge
South Jaimechester, WI 33495",melissa64@example.com
Caroline,Harris,"395 Lopez Stream Suite 788
Smithchester, GU 21913",thomas13@example.org
Kimberly,Weber,"PSC 5627, Box 9104
APO AA 25525",franciscowilliams@example.org
Jessica,Morrison,"62896 Hoffman Station
North Davidchester, FM 37374",hpowell@example.com
Victoria,Eaton,"57525 Elliott Street Suite 094
Brittanystad, KY 87622",mallen@example.org
Catherine,Hale,"5651 Herrera Valley
Port Tamara, CT 21340",thorntondeanna@example.com
Christina,Smith,"2613 Kennedy Knolls Apt. 256
Brianview, DE 67134",jeffrey89@example.org
Susan,Cook,"740 William Road
Matthewshire, IL 40620",mcdowellanthony@example.net
David,Reyes,"6397 Williams Via Suite 347
West Adam, AZ 89655",kbrown@example.com
Rhonda,Hill,"2808 Garza Plains
West Michael, FL 95644",wheelercrystal@example.net
Theresa,Jenkins,"6593 Bowen Via
Lake Sandraborough, NC 73097",sharon28@example.org
Eric,Smith,"1825 Kevin Unions Apt. 671
Matthewview, AK 35235",ymorrison@example.net
Lauren,Carter,"823 Jodi Lodge Suite 353
North Williamborough, PA 69716",robertcompton@example.com
Jeffrey,Johnson,"624 Sarah Light
Port Adrianborough, ID 57050",michaelgarcia@example.net
Wendy,Rodriguez,"1782 Pamela Branch
East Alyssa, OR 36669",michael14@example.net
Karen,Sheppard,"387 Owens Valley Apt. 520
New Markmouth, MI 20154",crystal02@example.com
Kristopher,Lewis,"949 Long Ports Apt. 263
West Anthony, WV 85291",crosbyvicki@example.com
Debra,Little,"383 Eugene Spring Suite 997
West Anne, MS 66746",donaldmoore@example.com
Jessica,Orozco,"USS Wright
FPO AP 66669",thomasjoseph@example.com
Craig,Martinez,"389 Simmons Summit
North Adamside, LA 20022",codybennett@example.org
Michelle,Gray,"547 Jennifer Causeway
North Amy, AR 15986",jrivas@example.net
Deanna,Thompson,"6656 Hanna Terrace Apt. 356
Allisonstad, PR 83659",rodney53@example.org
Jessica,Dudley,"USNS Morrow
FPO AE 14508",mark93@example.net
Yvonne,Dennis,"385 Christopher Center
Powellmouth, VT 33649",daniel35@example.com
Anthony,Hansen,"71434 Parks Estates Apt. 696
East Frank, NV 98833",gvelasquez@example.org
Phillip,Smith,"027 Keller Ways Suite 979
East Robertland, PW 99034",kerrjulie@example.net
Donna,Lucas,"545 Robert Manor Suite 631
Hardyview, AR 89346",kingronnie@example.net
Sandra,Montgomery,"3878 Garrett Green Apt. 012
Craigport, FM 52710",cruzjim@example.net
Melissa,Walker,"8667 Robertson Islands Apt. 590
South Melanie, LA 01059",ybennett@example.net
Christopher,Gordon,"PSC 8911, Box 3368
APO AP 29615",qquinn@example.org
Christopher,Hernandez,"453 Kramer Estates Suite 728
West Christopher, OK 78557",dawn96@example.org
Stephanie,Rose,"53948 Kimberly Flat Suite 636
Andrewside, UT 88162",ramirezkimberly@example.net
Maria,Allen,"5785 Kristin Rapids Apt. 361
North Markhaven, OR 35604",elizabeth11@example.com
Robert,Harris,"6249 Lee Drive
Berryville, GU 38950",vtaylor@example.org
Michael,Barrett,"9639 Caroline Burg
Hendersonbury, MT 51926",probinson@example.org
Daniel,Christensen,"472 Zimmerman Manors
Jacksonhaven, VA 71809",jamiebennett@example.net
Bryce,Mcclain,"59325 Rachel Isle Suite 895
North Jesseville, ND 95169",joshua85@example.org
Rebecca,Smith,"721 Larry Circle
Marcuston, WA 44505",nherman@example.org
Robert,Rodriguez,"81366 Nelson Walk
Robertston, LA 80508",george52@example.org
Kimberly,Brooks,"1002 Melinda Rapids Apt. 450
East Charleston, NM 20163",shannonphillip@example.org
Richard,Stevenson,"9675 Williams Lights
Port Tara, NE 84103",spearsmicheal@example.org
Vanessa,Rodriguez,"PSC 0124, Box 2189
APO AA 92574",welchwilliam@example.org
Martin,Hopkins,"2801 Castro Bridge Apt. 419
South Annetteburgh, DC 81715",angelicamoore@example.net
Steven,Wilson,"316 James Hollow Apt. 376
Lake Jayport, MD 29234",rstewart@example.com
Luke,Garcia,"435 Pace Extensions Apt. 617
Reneeside, MT 54405",welchmonique@example.com
Tiffany,Manning,"369 Bass Villages Suite 866
West Andrewchester, GU 90680",mcknightcody@example.com
Adrian,Gonzalez,"02977 Hernandez Tunnel
New Meghan, OR 46539",matthewcameron@example.com
Alice,Black,"USCGC Berg
FPO AA 42538",amber30@example.net
Jennifer,Moran,"647 Ryan Roads Apt. 374
Thomasview, TN 03763",danielle75@example.net
Robert,Bradley,"27742 April Village
Paulborough, CO 01024",bairdrobert@example.org
Jeffrey,Howell,"54369 Jennifer Path Suite 709
Jillfurt, ND 71091",reynoldsbreanna@example.net
Wendy,Chaney,"6501 Doyle Circles Suite 729
New Amy, NM 93521",moralestrevor@example.net
Charles,Cox,"Unit 0469 Box 5262
DPO AE 64256",ygriffin@example.net
Paul,Rodriguez,"934 April Unions
Cartermouth, MD 44650",nathan48@example.org
Michael,Jennings,"3486 Traci Lake
Port Thomas, HI 68960",cjohnson@example.net
William,Nguyen,"82712 Rodriguez Road Suite 781
Christianport, MT 55379",patricksims@example.com
Justin,Garner,"082 Williams Spurs Suite 771
South Saraville, MA 82626",theresaspencer@example.net
David,Huber,"064 Emily Drive Suite 533
Wangmouth, FL 41347",beardmelissa@example.org
Robert,Hunter,"52194 Danielle Ridges Apt. 110
Chasefurt, SD 64253",shannonhale@example.com
Elizabeth,Stewart,"6368 Rachael Stravenue
East Brittneyville, UT 64336",margaret47@example.net
Rachel,Alexander,"21919 Weiss Shoal Apt. 892
Latoyaport, SC 28652",johnathangarcia@example.net
Adam,Randall,"Unit 6820 Box 1670
DPO AA 74389",desireepatel@example.com
Lauren,Beck,"968 Tiffany Lights
Douglasstad, IN 96817",ian04@example.net
Raymond,Jones,"84975 Victor Ports
New Beverlyport, WI 74535",huntermiranda@example.com
Sharon,Rodriguez,"2786 Mary Viaduct Apt. 128
Francohaven, WI 39157",carlsonandrew@example.org
Caleb,Kim,"355 David Streets Apt. 020
South Andrea, AL 95083",carl42@example.net
Matthew,Pittman,"951 Jones Rapids
Michaelfort, DC 20457",kvilla@example.com
Amanda,Chen,"8147 Bryant Stravenue Suite 314
Joseside, NV 99123",nathan20@example.com
Jerry,Campos,"9282 Mccormick Valleys Suite 788
Denisetown, SC 11045",phillipsandrew@example.net
Kristine,Hernandez,"256 Richard Manors Apt. 217
North Amy, CO 45970",lewiskathleen@example.net
Luis,Sandoval,"403 Rivera Key Suite 236
Danielmouth, CO 35040",kenneth92@example.net
Pamela,Sampson,"13543 Robin Points Suite 044
Morganville, TN 20727",cheryl28@example.org
Kayla,Garcia,"464 Morris Curve Apt. 738
New Jon, CT 01840",shannon25@example.com
Sara,Ponce,"3744 Ramirez Station
Michelletown, SD 85140",michaeljohnston@example.net
Carla,Nguyen,"4840 Russell Crossing
Wyattbury, LA 94677",megan18@example.net
Brett,Jones,"99657 Scott Points Apt. 231
Leahmouth, IN 94823",buckleymegan@example.com
Jill,Tran,"42205 Cross Camp
Andrewhaven, DE 83767",sarah04@example.org
Dennis,Cunningham,"967 Christopher Lodge
Lake Jeffreyberg, MH 93551",wilsonkimberly@example.net
Richard,Allen,"2967 Brenda Place Apt. 964
Port Jasmineside, OH 03863",james45@example.com
Matthew,Nunez,"65968 Steven Flat Suite 857
Austinhaven, HI 33025",zmorris@example.org
Kevin,Green,"01763 Rojas Ranch
East Jessicatown, NC 44749",gary42@example.com
Christina,Morales,"23406 Martin Green Suite 317
Padillaberg, SC 97221",thomasrichard@example.org
Kathleen,Lopez,"74784 Morgan Views
Cindyshire, WV 52297",amberbennett@example.com
Christina,Barrera,"22405 Banks Trafficway
Hillville, MI 59422",mary19@example.org
Jeremy,Lambert,"504 Clark Curve Suite 109
Meyerhaven, CO 61054",pjohnson@example.org
Peter,Kim,"806 Robert Extension
Lake Emilyfurt, KS 02852",ufoster@example.com
Bryan,Chavez,"1639 Mark Grove Apt. 228
Cortezland, RI 56154",kelly50@example.net
Joshua,Roth,"2179 Kaitlin Curve Suite 461
Lake Ericmouth, AL 79048",kingbrian@example.org
Susan,Mcdonald,"13900 Morrison Avenue
West Wayneview, LA 28504",lisa93@example.org
Robin,Williams,"PSC 9785, Box 0352
APO AA 89202",wbrooks@example.net
Connie,Knight,"553 Melissa Point
New Danielberg, WI 66953",kennethwilkins@example.com
Thomas,Williams,"195 Davis Glen
East Paul, PA 37669",sharpphillip@example.com
Allison,Stanton,"286 Matthew Union
Cantuborough, KS 91325",salinasamy@example.com
Eric,Johnson,"USNV Maddox
FPO AE 98853",marycameron@example.com
Cynthia,Norman,"5634 Chapman Shoal Apt. 255
South Valeriestad, PA 01107",karen85@example.net
Maria,Rivera,"Unit 3765 Box 1744
DPO AP 58670",pallen@example.net
Catherine,Jones,"PSC 3433, Box 0434
APO AA 56431",joyce59@example.org
Samantha,Frederick,"1573 Paul Hills
East Jaredland, HI 02310",tylerfuentes@example.net
Meghan,Christensen,"USNV Murphy
FPO AE 61259",bryaningram@example.net
Chelsea,Maynard,"56791 Darryl Course
South Michaelburgh, MI 83899",lesliejohnson@example.net
Caroline,Williams,"80236 Megan Manor Suite 419
Anthonybury, VT 50075",sheilarios@example.com
Joshua,Lowe,"1577 Joshua Mountain Suite 712
Williamsport, MN 62800",raymondroberts@example.net
Kelly,Garcia,"Unit 2871 Box 5728
DPO AA 43583",ubrewer@example.net
Terri,Rogers,"118 Smith Spurs Suite 215
West Joshua, VA 54421",isaiahlee@example.com
Richard,Mckee,"0575 Justin Parkways
Richardberg, MD 88023",williambarrera@example.net
Danielle,Jackson,"48091 Brown Spurs
Jessicaport, NM 60591",mcgeeadrian@example.com
Alan,Dunn,"1287 Nicole Light Suite 560
Dorseyhaven, MT 60885",nancybaker@example.net
Dustin,Moreno,"025 Randall Parkways Suite 795
East Andrew, ID 62609",brandtmark@example.com
Heather,Mullins,"608 Kayla Park Apt. 116
New David, ND 10652",jordan97@example.com
Sara,Rich,"5956 Massey Estate
New Lisastad, ME 02742",lanealexis@example.net
Janet,Jensen,"120 John Falls
East Stephen, WA 19917",kristina48@example.com
Deborah,Porter,"864 Doyle Camp Suite 003
Richardsonhaven, PA 42152",dustinwhite@example.net
Jacqueline,Arnold,"903 Ruth Radial Apt. 895
Jeremyfort, AR 61390",rodriguezadam@example.net
Jessica,Long,"PSC 4481, Box 3971
APO AA 61482",anthonycooper@example.com
Douglas,Escobar,"098 Cindy Estate Apt. 303
Danielleshire, NJ 04106",zjones@example.net
Fred,Kelly,"22103 Matthews Crossroad
Andrewport, OK 31336",hernandezsandra@example.org
Samuel,Bowers,"964 Nelson Skyway Apt. 934
Port Lance, TX 09521",fhardy@example.org
Lori,Stevens,"5537 Jones Village Apt. 589
Lake Manuelberg, DE 13109",christophermartinez@example.net
Sandy,White,"411 Veronica Plain
East Scott, GA 69078",kim69@example.org
Joshua,Zhang,"7922 David Shoal Suite 311
New Karen, KS 17105",eric12@example.org
Wendy,Morales,"Unit 2735 Box 5785
DPO AP 74297",michaelhammond@example.org
Joseph,Colon,"70398 Black Land
West James, PW 43998",madisonlopez@example.org
Kelly,Carter,"00387 Marcus Parks
Smithbury, AZ 38619",marisa12@example.net
Amanda,Foster,"PSC 6168, Box 5878
APO AP 67922",klewis@example.com
Jason,Harris,"9339 Sean Inlet Suite 222
Floresstad, NM 32563",hardingcraig@example.net
Deborah,Mills,"Unit 1759 Box 2335
DPO AA 57879",roachdenise@example.com
Chad,Marquez,"262 Timothy Plaza
East Wanda, LA 45580",umartinez@example.net
Alex,Gonzales,"37304 Antonio Springs Apt. 886
West Sandra, SC 63053",ijones@example.org
Brenda,Perry,"2907 Kelly Mountain
West Marvin, IN 19209",williamsonnicole@example.net
Dan,Powell,"39144 Lisa Skyway Suite 807
Lake Christopherfurt, IL 64786",jacksonjoseph@example.net
Diane,Martinez,"6925 Alexis Viaduct Apt. 445
Maryborough, MO 08225",tim26@example.org
Laura,Perez,"7346 Guzman Corner Apt. 500
Branchstad, MT 37909",odomjames@example.com
Douglas,Schmidt,"9875 English Gateway Suite 234
Cooperhaven, ID 60009",jacobmorgan@example.org
Sarah,White,"600 Stevenson Rest Apt. 867
Lake Wendy, SD 36158",rlucas@example.net
Kelsey,Hunter,"52302 Jasmine Track
North Robertafurt, CT 69143",tamara73@example.org
Sean,Mueller,"8957 Shelia Village
New Alanville, HI 93645",whitekimberly@example.net
Megan,Miranda,"87496 Choi Springs
East Lisa, KY 45103",erictaylor@example.com
Angela,Hunter,"420 Mitchell Circles Suite 912
Timothyhaven, IL 44274",lewisjohn@example.org
Michael,Travis,"57629 Jones Drives
South Andrewburgh, DC 91567",davisrussell@example.com
Mary,Kennedy,"24721 Kathy Lodge Suite 387
Wellsborough, MH 22253",drobinson@example.com
Mary,Schneider,"PSC 0272, Box 2478
APO AP 30900",morenotimothy@example.com
Lee,Rodriguez,"23853 Franklin Green Suite 062
Lake Danafurt, MA 75817",michaelcummings@example.com
Lindsey,Perez,"Unit 9393 Box 2816
DPO AE 59061",suzanne31@example.org
Amy,Allen,"885 Hampton Fort Apt. 164
Jacobsontown, NC 96685",lindsaycopeland@example.net
Stephanie,Walker,"3912 Gutierrez Freeway
Bennettbury, IN 10173",david05@example.org
